# TVBox 潜在高相似度节点分析日志 (共发现 1281 组高相似潜在重复源)
# 本日志仅用于审查分析，未对实际节点进行任何强制合并改动。

【相似度 100.0%】序号 1
  源 A: [王二小] 🐮【免费分享】🐮 (csp_NewDouBanGuard)
  源 B: [牛儿] 🐮【免费分享】🐮 (csp_DoubanGuard)

【相似度 100.0%】序号 2
  源 A: [王二小] 💓‍玩偶┃4K💓‍ (csp_AiNewWoggGuard)
  源 B: [牛儿] 💓‍玩偶┃4K💓‍ (csp_WoggGuard)

【相似度 100.0%】序号 3
  源 A: [王二小] 💓虎斑┃4K💓 (csp_AiNewHuBanGuard)
  源 B: [牛儿] 💓虎斑┃4K💓 (csp_WexhubanGuard)

【相似度 100.0%】序号 4
  源 A: [王二小] 💓木偶┃4K💓 (csp_AiNewMuOuGuard)
  源 B: [牛儿] 💓木偶┃4K💓 (csp_WexmuouggGuard)

【相似度 100.0%】序号 5
  源 A: [王二小] 💓多多┃4K💓 (csp_AiNewDuoDuoGuard)
  源 B: [牛儿] 💓多多┃4K💓 (csp_WexduoduoziyuanGuard)

【相似度 100.0%】序号 6
  源 A: [王二小] 💥韩剧┃秒播💥 (csp_WexAiHanXiaoQuanGuard)
  源 B: [牛儿] 💥韩剧┃秒播💥 (csp_WexhanxiaoquanGuard)

【相似度 100.0%】序号 7
  源 A: [王二小] 🎇伯伯┃秒播🎇 (csp_WexAiBoBoGuard)
  源 B: [牛儿] 🎇伯伯┃秒播🎇 (csp_WexNmysGuard)

【相似度 100.0%】序号 8
  源 A: [王二小] 🎇爱看┃采集🎇 (csp_WexAiIkanBotGuard)
  源 B: [牛儿] 🎇爱看┃采集🎇 (csp_WexikanbotGuard)

【相似度 100.0%】序号 9
  源 A: [王二小] 🐯‍虎牙┃直播🐯‍ (csp_LiveAiHuYaGuard)
  源 B: [牛儿] 🐯‍虎牙┃直播🐯‍ (csp_WexNewHuYaGuard)

【相似度 100.0%】序号 10
  源 A: [王二小] 🐳斗鱼┃直播🐳 (csp_LiveAiDouYuGuard)
  源 B: [牛儿] 🐳斗鱼┃直播🐳 (csp_WexNewDouYuGuard)

【相似度 100.0%】序号 11
  源 A: [王二小] 🅱️哔哩┃直播🅱️ (csp_LiveAiBiLiGuard)
  源 B: [牛儿] 🅱️哔哩┃直播🅱️ (csp_WexNewBiLiLiveGuard)

【相似度 100.0%】序号 12
  源 A: [王二小] 🎃‍极品┃听书🎃 (csp_BookAiShiJieGuard)
  源 B: [牛儿] 🎃‍极品┃听书🎃 (csp_Wex275tingshuGuard)

【相似度 100.0%】序号 13
  源 A: [王二小] 👼宝宝┃儿歌👼 (csp_ChildrenAiBaoBaoGuard)
  源 B: [牛儿] 👼宝宝┃儿歌👼 (csp_WexbaobaobashiGuard)

【相似度 100.0%】序号 14
  源 A: [王二小] 👼贝贝┃儿歌👼 (csp_ChildrenAiBeiWaGuard)
  源 B: [牛儿] 👼贝贝┃儿歌👼 (csp_WexbeiwaGuard)

【相似度 100.0%】序号 15
  源 A: [王二小] 👼兔兔┃儿歌👼 (csp_ChildrenAiTuTuGuard)
  源 B: [牛儿] 👼兔兔┃儿歌👼 (csp_WextuxiaobeiGuard)

【相似度 100.0%】序号 16
  源 A: [王二小] 💃跳舞┃教学💃 (csp_MusicAiTangDouGuard)
  源 B: [牛儿] 💃跳舞┃教学💃 (csp_WextangdouGuard)

【相似度 100.0%】序号 17
  源 A: [王二小] 🎎戏曲┃秒播🎎 (csp_MusicAiLiYuanGuard)
  源 B: [牛儿] 🎎戏曲┃秒播🎎 (csp_WexliyuanGuard)

【相似度 100.0%】序号 18
  源 A: [王二小] 🎼轮回┃舞曲🎼 (csp_MusicAiLunHuiGuard)
  源 B: [牛儿] 🎼轮回┃舞曲🎼 (csp_WexLunhuiDJGuard)

【相似度 100.0%】序号 19
  源 A: [王二小] 🌐瓜子┃体育🌐 (csp_SportAiGuaZiGuard)
  源 B: [牛儿] 🌐瓜子┃体育🌐 (csp_WexGZsportGuard)

【相似度 100.0%】序号 20
  源 A: [王二小] 🎠九七┃综合🎠 (csp_SoAiPanSooGuard)
  源 B: [牛儿] 🎠九七┃综合🎠 (csp_Wex97pansoGuard)

【相似度 100.0%】序号 21
  源 A: [王二小] 推送 (csp_PushGuard)
  源 B: [俊哥接口] 推送 (csp_PushAgent)

【相似度 100.0%】序号 22
  源 A: [王二小] 推送 (csp_PushGuard)
  源 B: [xiaolong69] 推送 (csp_Push)

【相似度 100.0%】序号 23
  源 A: [俊哥接口] 推送 (csp_PushAgent)
  源 B: [xiaolong69] 推送 (csp_Push)

【相似度 100.0%】序号 24
  源 A: [饭太硬] 📔厂长┃不卡 (csp_NewCzGuard)
  源 B: [金鹰] 📔厂长┃不卡 (csp_NewCz)

【相似度 100.0%】序号 25
  源 A: [饭太硬] 🍓糯米┃秒播 (csp_NmyswvGuard)
  源 B: [金鹰] 🍓糯米┃秒播 (csp_Nmyswv)

【相似度 100.0%】序号 26
  源 A: [饭太硬] 💮文采┃秒播 (csp_JpysGuard)
  源 B: [金鹰] 💮文采┃秒播 (csp_Jpys)

【相似度 100.0%】序号 27
  源 A: [饭太硬] 📺热播┃多线 (csp_AppTTGuard)
  源 B: [金鹰] 📺热播┃多线 (csp_AppTT)

【相似度 100.0%】序号 28
  源 A: [饭太硬] 🧲新6V┃磁力 (csp_SixVGuard)
  源 B: [金鹰] 🧲新6V┃磁力 (csp_SixV)

【相似度 100.0%】序号 29
  源 A: [饭太硬] 🚌巴士┃动漫 (csp_Dm84Guard)
  源 B: [金鹰] 🚌巴士┃动漫 (csp_Dm84)

【相似度 100.0%】序号 30
  源 A: [饭太硬] 🐯虎牙┃直播 (./FTY/drpy2.min.js)
  源 B: [1] 🐯虎牙┃直播 (https://gh-proxy.com/https://raw.githubusercontent.com/fantaiying7/EXT/refs/heads/main/drpy2.min.js)

【相似度 100.0%】序号 31
  源 A: [饭太硬] 🐯虎牙┃直播 (./FTY/drpy2.min.js)
  源 B: [tvbox放飞] 🐯虎牙┃直播 (./lib/drpy2.min.js)

【相似度 100.0%】序号 32
  源 A: [饭太硬] 🐟斗鱼┃直播 (./FTY/drpy2.min.js)
  源 B: [1] 🐟斗鱼┃直播 (https://gh-proxy.com/https://git.yylx.win/https://raw.githubusercontent.com/fantaiying7/EXT/refs/heads/main/drpy2.min.js)

【相似度 100.0%】序号 33
  源 A: [饭太硬] 🐟斗鱼┃直播 (./FTY/drpy2.min.js)
  源 B: [tvbox放飞] 🐟斗鱼┃直播 (./lib/drpy2.min.js)

【相似度 100.0%】序号 34
  源 A: [饭太硬] 📚儿童┃启蒙 (./FTY/drpy2.min.js)
  源 B: [1] 📚儿童┃启蒙 (https://gh-proxy.com/https://git.yylx.win/https://raw.githubusercontent.com/fantaiying7/EXT/refs/heads/main/drpy2.min.js)

【相似度 100.0%】序号 35
  源 A: [饭太硬] 📚儿童┃启蒙 (./FTY/drpy2.min.js)
  源 B: [tvbox放飞] 📚儿童┃启蒙 (./lib/drpy2.min.js)

【相似度 100.0%】序号 36
  源 A: [饭太硬] 📚少儿┃教育 (csp_BiliGuard)
  源 B: [大嗷呜] 📚少儿┃教育 (csp_BiliAmns)

【相似度 100.0%】序号 37
  源 A: [软件] 采集｜合集 (https://file.zhangyichi.dev/uploads/695cb6347d0b1_1767683636.js)
  源 B: [直播] 采集｜合集 (https://pan.vma.cc/pan/down.php/ec67b9045d393737f073d2c9365533f0.js)

【相似度 100.0%】序号 38
  源 A: [金鹰] 🌟立播┃秒播 (csp_Libvio)
  源 B: [1] 🌟立播┃秒播 (csp_LibvioGuard)

【相似度 100.0%】序号 39
  源 A: [金鹰] 🌟立播┃秒播 (csp_Libvio)
  源 B: [tvbox放飞] 🌟立播┃秒播 (csp_LibvioGuard)

【相似度 100.0%】序号 40
  源 A: [5] 808影院 (./py/808影院.py)
  源 B: [5] 808影院 (https://gh-proxy.com/https://ghfast.top/https://raw.githubusercontent.com/FGBLH/HKL/refs/heads/main/py/808影院.py)

【相似度 100.0%】序号 41
  源 A: [5] 天涯资源 (https://tyyszyapi.com/api.php/provide/vod/at/xml)
  源 B: [apple] 天涯资源 (https://tyyszyapi.com/api.php/provide/vod/at)

【相似度 100.0%】序号 42
  源 A: [5] 天涯资源 (https://tyyszyapi.com/api.php/provide/vod/at/xml)
  源 B: [我的] 天涯资源 (https://tyyszy.com/api.php/provide/vod)

【相似度 100.0%】序号 43
  源 A: [00000] 影视-金牌(T4) (https://catbox.n13.club/t9/jinpai.php)
  源 B: [00000] 影视-金牌(T4) (https://catbox.n13.club/t9/金牌影视.php)

【相似度 100.0%】序号 44
  源 A: [apple] 新浪资源 (https://api.xinlangapi.com/xinlangapi.php/provide/vod/at/xml)
  源 B: [我的] 新浪资源 (https://api.xinlangapi.com/xinlangapi.php/provide/vod/json)

【相似度 100.0%】序号 45
  源 A: [apple] 茅台资源 (https://caiji.maotaizy.cc/api.php/provide/vod/at/josn)
  源 B: [我的] 茅台资源 (https://caiji.maotaizy.cc/api.php/provide/vod/from/mtm3u8/at/xml)

【相似度 100.0%】序号 46
  源 A: [apple] 极速资源 (https://jszyapi.com/api.php/provide/vod/at/json)
  源 B: [我的] 极速资源 (https://jszyapi.com/api.php/provide/vod/at/xml)

【相似度 100.0%】序号 47
  源 A: [apple] 豆瓣资源 (https://caiji.dbzy5.com/api.php/provide/vod/at/josn)
  源 B: [我的] 豆瓣资源 (https://dbzy.tv/api.php/provide/vod)

【相似度 100.0%】序号 48
  源 A: [apple] 天涯资源 (https://tyyszyapi.com/api.php/provide/vod/at)
  源 B: [我的] 天涯资源 (https://tyyszy.com/api.php/provide/vod)

【相似度 100.0%】序号 49
  源 A: [apple] 影视 | 荐片[js] (./ext/drpy2.min.js)
  源 B: [gaotianliuyun] 影视 | 荐片[js] (./lib/drpy2.min.js)

【相似度 100.0%】序号 50
  源 A: [1] 🐯虎牙┃直播 (https://gh-proxy.com/https://raw.githubusercontent.com/fantaiying7/EXT/refs/heads/main/drpy2.min.js)
  源 B: [tvbox放飞] 🐯虎牙┃直播 (./lib/drpy2.min.js)

【相似度 100.0%】序号 51
  源 A: [1] 🐟斗鱼┃直播 (https://gh-proxy.com/https://git.yylx.win/https://raw.githubusercontent.com/fantaiying7/EXT/refs/heads/main/drpy2.min.js)
  源 B: [tvbox放飞] 🐟斗鱼┃直播 (./lib/drpy2.min.js)

【相似度 100.0%】序号 52
  源 A: [1] 📚儿童┃启蒙 (https://gh-proxy.com/https://git.yylx.win/https://raw.githubusercontent.com/fantaiying7/EXT/refs/heads/main/drpy2.min.js)
  源 B: [tvbox放飞] 📚儿童┃启蒙 (./lib/drpy2.min.js)

【相似度 100.0%】序号 53
  源 A: [https://www.ls660.com/TV/feimao.json] 🍚┃干饭┃APP (csp_AppQi)
  源 B: [feimao] 🍚┃干饭┃APP (csp_AppGet)

【相似度 100.0%】序号 54
  源 A: [https://www.ls660.com/TV/feimao.json] 😌┃行动┃APP (csp_AppGet)
  源 B: [feimao] 😌┃行动┃APP (csp_AppDrama)

【相似度 100.0%】序号 55
  源 A: [tvbox放飞] 📚少儿┃教育 (csp_BiliGuard)
  源 B: [大嗷呜] 📚少儿┃教育 (csp_BiliAmns)

【相似度 94.1%】序号 56
  源 A: [饭太硬] 🅱哔哔演唱会┃弹幕 (csp_BiliGuard)
  源 B: [我] 哔哔演唱会┃弹幕 (csp_Bili)

【相似度 94.1%】序号 57
  源 A: [我] 哔哔演唱会┃弹幕 (csp_Bili)
  源 B: [tvbox放飞] 🅱哔哔演唱会┃弹幕 (csp_BiliGuard)

【相似度 93.3%】序号 58
  源 A: [饭太硬] 🅱哔哔合集┃弹幕 (csp_BiliGuard)
  源 B: [我] 哔哔合集┃弹幕 (csp_Bili)

【相似度 93.3%】序号 59
  源 A: [我] 哔哔合集┃弹幕 (csp_Bili)
  源 B: [tvbox放飞] 🅱哔哔合集┃弹幕 (csp_BiliGuard)

【相似度 93.3%】序号 60
  源 A: [接口] ☁TgSearch123┃网盘 (csp_TgSearch123)
  源 B: [接口] ☁TgSearch139┃网盘 (csp_TgSearch139)

【相似度 93.3%】序号 61
  源 A: [接口] ☁TgSearch189┃网盘 (csp_TgSearch189)
  源 B: [接口] ☁TgSearch139┃网盘 (csp_TgSearch139)

【相似度 92.3%】序号 62
  源 A: [王二小] 📚少儿┃教育📚 (csp_BiliGuard)
  源 B: [大嗷呜] 📚少儿┃教育 (csp_BiliAmns)

【相似度 92.3%】序号 63
  源 A: [饭太硬] 📚儿童┃启蒙 (./FTY/drpy2.min.js)
  源 B: [feimao] 📚┃儿童┃启蒙 (./api/drpy2.min.js)

【相似度 92.3%】序号 64
  源 A: [饭太硬] 📚少儿┃教育 (csp_BiliGuard)
  源 B: [https://www.ls660.com/TV/feimao.json] 📚┃少儿┃教育 (csp_Bili)

【相似度 92.3%】序号 65
  源 A: [饭太硬] 📚小学┃课堂 (csp_BiliGuard)
  源 B: [https://www.ls660.com/TV/feimao.json] 📚┃小学┃课堂 (csp_Bili)

【相似度 92.3%】序号 66
  源 A: [饭太硬] 📚初中┃课堂 (csp_BiliGuard)
  源 B: [https://www.ls660.com/TV/feimao.json] 📚┃初中┃课堂 (csp_Bili)

【相似度 92.3%】序号 67
  源 A: [饭太硬] 📚高中┃课堂 (csp_BiliGuard)
  源 B: [https://www.ls660.com/TV/feimao.json] 📚┃高中┃课堂 (csp_Bili)

【相似度 92.3%】序号 68
  源 A: [饭太硬] 🛴手机┃推送 (csp_PushGuard)
  源 B: [apple] 🛴┃手机┃推送 (csp_Push)

【相似度 92.3%】序号 69
  源 A: [金鹰] 🎬荐片┃影视 (./lib/apiv461drpy2.min.js)
  源 B: [https://www.ls660.com/TV/feimao.json] 🎬┃荐片┃影视 (csp_Jianpian)

【相似度 92.3%】序号 70
  源 A: [1] 📚儿童┃启蒙 (https://gh-proxy.com/https://git.yylx.win/https://raw.githubusercontent.com/fantaiying7/EXT/refs/heads/main/drpy2.min.js)
  源 B: [feimao] 📚┃儿童┃启蒙 (./api/drpy2.min.js)

【相似度 92.3%】序号 71
  源 A: [https://www.ls660.com/TV/feimao.json] 📚┃少儿┃教育 (csp_Bili)
  源 B: [tvbox放飞] 📚少儿┃教育 (csp_BiliGuard)

【相似度 92.3%】序号 72
  源 A: [https://www.ls660.com/TV/feimao.json] 📚┃少儿┃教育 (csp_Bili)
  源 B: [大嗷呜] 📚少儿┃教育 (csp_BiliAmns)

【相似度 92.3%】序号 73
  源 A: [https://www.ls660.com/TV/feimao.json] 📚┃小学┃课堂 (csp_Bili)
  源 B: [tvbox放飞] 📚小学┃课堂 (csp_BiliGuard)

【相似度 92.3%】序号 74
  源 A: [https://www.ls660.com/TV/feimao.json] 📚┃初中┃课堂 (csp_Bili)
  源 B: [tvbox放飞] 📚初中┃课堂 (csp_BiliGuard)

【相似度 92.3%】序号 75
  源 A: [tvbox放飞] 📚儿童┃启蒙 (./lib/drpy2.min.js)
  源 B: [feimao] 📚┃儿童┃启蒙 (./api/drpy2.min.js)

【相似度 92.3%】序号 76
  源 A: [gaotianliuyun] 弹幕 | 玩偶[jar] (csp_Wogg)
  源 B: [gaotianliuyun] 弹幕 | 玩偶4k[jar] (csp_Wo4k)

【相似度 92.3%】序号 77
  源 A: [gaotianliuyun] 夸克  | 趣盘搜[jar] (csp_Funletu)
  源 B: [gaotianliuyun] 夸克 | 盘搜[jar] (csp_QuarkPanso)

【相似度 91.7%】序号 78
  源 A: [00000] 影视-橘子APP(T4) (https://catbox.n13.club/ai/橘子APP.php)
  源 B: [00000] 影视-王子APP(T4) (https://catbox.n13.club/ai/王子APP.php)

【相似度 91.7%】序号 79
  源 A: [00000] 影视-火猫APP(T4) (https://catbox.n13.club/ai/火猫APP.php)
  源 B: [00000] 影视-黑猫APP(T4) (https://catbox.n13.club/ai/黑猫APP.php)

【相似度 91.7%】序号 80
  源 A: [00000] 影视-老鹰APP(T4) (https://catbox.n13.club/ai/老鹰APP.php)
  源 B: [00000] 影视-蓝鹰APP(T4) (https://catbox.n13.club/ai/蓝鹰APP.php)

【相似度 91.7%】序号 81
  源 A: [gaotianliuyun] 网盘 | 小米[jar] (csp_Wobg)
  源 B: [gaotianliuyun] 网盘 | 小云[jar] (csp_YunSo)

【相似度 91.7%】序号 82
  源 A: [gaotianliuyun] 弹幕 | 校长[jar] (csp_XiaoZhang)
  源 B: [gaotianliuyun] 弹幕 | 团长[jar] (csp_TZFile)

【相似度 91.7%】序号 83
  源 A: [gaotianliuyun] 网盘 | 小云[jar] (csp_YunSo)
  源 B: [gaotianliuyun] 网盘 | 云盘[jar] (csp_YunPanOne)

【相似度 91.7%】序号 84
  源 A: [gaotianliuyun] 阿里 | 易搜[jar] (csp_YiSo)
  源 B: [gaotianliuyun] 阿里 | 盘搜[jar] (csp_PanSou)

【相似度 90.9%】序号 85
  源 A: [饭太硬] 📚儿童┃启蒙 (./FTY/drpy2.min.js)
  源 B: [我] 儿童┃启蒙 (https://gh-proxy.com/https://ghp.ci/raw.githubusercontent.com/fantaiying7/EXT/refs/heads/main/drpy2.min.js)

【相似度 90.9%】序号 86
  源 A: [饭太硬] 📚少儿┃教育 (csp_BiliGuard)
  源 B: [我] 少儿┃教育 (csp_Bili)

【相似度 90.9%】序号 87
  源 A: [饭太硬] 📚小学┃课堂 (csp_BiliGuard)
  源 B: [我] 小学┃课堂 (csp_Bili)

【相似度 90.9%】序号 88
  源 A: [饭太硬] 📚初中┃课堂 (csp_BiliGuard)
  源 B: [我] 初中┃课堂 (csp_Bili)

【相似度 90.9%】序号 89
  源 A: [饭太硬] 📚高中┃课堂 (csp_BiliGuard)
  源 B: [我] 高中┃课堂 (csp_Bili)

【相似度 90.9%】序号 90
  源 A: [宝盒接口] 推送┃播放 (csp_Push)
  源 B: [大嗷呜] 🛴推送┃播放 (csp_PushAmns)

【相似度 90.9%】序号 91
  源 A: [我] 儿童┃启蒙 (https://gh-proxy.com/https://ghp.ci/raw.githubusercontent.com/fantaiying7/EXT/refs/heads/main/drpy2.min.js)
  源 B: [1] 📚儿童┃启蒙 (https://gh-proxy.com/https://git.yylx.win/https://raw.githubusercontent.com/fantaiying7/EXT/refs/heads/main/drpy2.min.js)

【相似度 90.9%】序号 92
  源 A: [我] 儿童┃启蒙 (https://gh-proxy.com/https://ghp.ci/raw.githubusercontent.com/fantaiying7/EXT/refs/heads/main/drpy2.min.js)
  源 B: [tvbox放飞] 📚儿童┃启蒙 (./lib/drpy2.min.js)

【相似度 90.9%】序号 93
  源 A: [我] 少儿┃教育 (csp_Bili)
  源 B: [tvbox放飞] 📚少儿┃教育 (csp_BiliGuard)

【相似度 90.9%】序号 94
  源 A: [我] 少儿┃教育 (csp_Bili)
  源 B: [大嗷呜] 📚少儿┃教育 (csp_BiliAmns)

【相似度 90.9%】序号 95
  源 A: [我] 小学┃课堂 (csp_Bili)
  源 B: [tvbox放飞] 📚小学┃课堂 (csp_BiliGuard)

【相似度 90.9%】序号 96
  源 A: [我] 初中┃课堂 (csp_Bili)
  源 B: [tvbox放飞] 📚初中┃课堂 (csp_BiliGuard)

【相似度 90.9%】序号 97
  源 A: [apple] 🦊盘搜┃搜索 (csp_PanSou)
  源 B: [接口] 盘搜┃搜索 (csp_PanSearch)

【相似度 90.0%】序号 98
  源 A: [00000] 音乐-MV(T4) (https://catbox.n13.club/t9/mvzb.php)
  源 B: [00000] 音乐-热门MV(T4) (https://catbox.n13.club/t9/bili.php?id=2024)

【相似度 90.0%】序号 99
  源 A: [00000] B站-合集(T4) (https://catbox.n13.club/t9/bili.php?id=合集)
  源 B: [00000] B站-球类合集(T4) (https://catbox.n13.club/t9/bili.php?id=球类合集)

【相似度 88.9%】序号 100
  源 A: [宝盒接口] 儿童📚启蒙 (https://gh-proxy.com/https://gh-proxy.net/https://raw.githubusercontent.com/fantaiying7/EXT/refs/heads/main/drpy2.min.js)
  源 B: [xiaolong69] 儿童启蒙 (https://gh-proxy.com/https://raw.githubusercontent.com/xiaolong69/tv/main/spider/19/js/drpy2.min.js)

【相似度 88.9%】序号 101
  源 A: [软件] 甜圈｜短剧 (csp_TianquanDJ)
  源 B: [00000] 甜圈短剧 (https://catbox.n13.club/ai/甜圈短剧.php)

【相似度 88.9%】序号 102
  源 A: [软件] 星芽｜短剧 (https://gh-proxy.com/https://git.yylx.win/raw.githubusercontent.com/PizazzGY/NewTVBox/main/movie/py/XYDJ.py)
  源 B: [00000] 星芽短剧 (https://catbox.n13.club/ai/星芽短剧.php)

【相似度 88.9%】序号 103
  源 A: [软件] 厂长｜影视 (csp_Czsapp)
  源 B: [接口] 厂长影视 (csp_ChangZhang)

【相似度 88.9%】序号 104
  源 A: [我] 儿童┃启蒙 (https://gh-proxy.com/https://ghp.ci/raw.githubusercontent.com/fantaiying7/EXT/refs/heads/main/drpy2.min.js)
  源 B: [xiaolong69] 儿童启蒙 (https://gh-proxy.com/https://raw.githubusercontent.com/xiaolong69/tv/main/spider/19/js/drpy2.min.js)

【相似度 88.9%】序号 105
  源 A: [00000] 瓜子影视 (https://catbox.n13.club/ai/瓜子影视.php)
  源 B: [直播] 瓜子┃影视 (csp_Gz360)

【相似度 88.9%】序号 106
  源 A: [00000] B站-高中(T4) (https://catbox.n13.club/t9/bili.php?id=高中课堂)
  源 B: [00000] B站-中医(T4) (https://catbox.n13.club/t9/bili.php?id=中医)

【相似度 88.9%】序号 107
  源 A: [我的] 豆瓣采集 (https://caiji.dbzy5.com/api.php/provide/vod/at/xml)
  源 B: [我的] 豆瓣采集2 (https://caiji.dbzy5.com/api.php/provide/vod/from/dbm3u8/at/json)

【相似度 88.9%】序号 108
  源 A: [我的] 豆瓣采集 (https://caiji.dbzy5.com/api.php/provide/vod/at/xml)
  源 B: [我的] 豆瓣采集3 (https://caiji.dbzy5.com/api.php/provide/vod/at/json)

【相似度 88.9%】序号 109
  源 A: [我的] 非凡资源 (http://api.ffzyapi.com/api.php/provide/vod)
  源 B: [我的] 非凡资源2 (http://ffzy5.tv/api.php/provide/vod)

【相似度 88.9%】序号 110
  源 A: [noimank] 💥斗鱼直播 (https://www.agit.ai/fantaiying/dr_py/raw/branch/main/libs/drpy2.min.js)
  源 B: [xiaolong69] 斗鱼直播 (https://gh-proxy.com/https://raw.githubusercontent.com/xiaolong69/tv/main/spider/19/js/drpy2.min.js)

【相似度 88.9%】序号 111
  源 A: [noimank] 💥虎牙直播 (https://www.agit.ai/fantaiying/dr_py/raw/branch/main/libs/drpy2.min.js)
  源 B: [xiaolong69] 虎牙直播 (https://gh-proxy.com/https://raw.githubusercontent.com/xiaolong69/tv/main/spider/19/js/drpy2.min.js)

【相似度 88.0%】序号 112
  源 A: [gaotianliuyun] 弹幕 | 追剧[jar] (csp_TTian)
  源 B: [gaotianliuyun] 弹幕 | 美剧迷[jar] (csp_Meijumi)

【相似度 88.0%】序号 113
  源 A: [gaotianliuyun] 弹幕 | 盘Ta[jar] (csp_Panta)
  源 B: [gaotianliuyun] 弹幕 | 云盘[jar] (csp_YunPan)

【相似度 88.0%】序号 114
  源 A: [gaotianliuyun] 弹幕 | 云盘[jar] (csp_YunPan)
  源 B: [gaotianliuyun] 弹幕 | 小盘盘[jar] (csp_Xpanpan)

【相似度 88.0%】序号 115
  源 A: [gaotianliuyun] 网盘 | 皮卡搜[jar] (csp_PikaSo)
  源 B: [gaotianliuyun] 网盘 | 秒搜[jar] (csp_MiaoSou)

【相似度 88.0%】序号 116
  源 A: [gaotianliuyun] 网盘 | 混合盘[jar] (csp_HunHePan)
  源 B: [gaotianliuyun] 网盘 | 云盘[jar] (csp_YunPanOne)

【相似度 88.0%】序号 117
  源 A: [gaotianliuyun] 网盘 | 秒搜[jar] (csp_MiaoSou)
  源 B: [gaotianliuyun] 网盘 | 大盘搜[jar] (csp_DaPanSo)

【相似度 88.0%】序号 118
  源 A: [gaotianliuyun] 网盘 | 大盘搜[jar] (csp_DaPanSo)
  源 B: [gaotianliuyun] 网盘 | 云盘[jar] (csp_YunPanOne)

【相似度 88.0%】序号 119
  源 A: [gaotianliuyun] 阿里 | 盤搜索[jar] (csp_PanSearch)
  源 B: [gaotianliuyun] 阿里 | 易搜[jar] (csp_YiSo)

【相似度 88.0%】序号 120
  源 A: [gaotianliuyun] 阿里 | 盤搜索[jar] (csp_PanSearch)
  源 B: [gaotianliuyun] 阿里 | 盘搜[jar] (csp_PanSou)

【相似度 87.5%】序号 121
  源 A: [王二小] 🎃‍小红┃听书🎃 (csp_BookHongGuoGuard)
  源 B: [王二小] 🎃‍小马┃听书🎃 (csp_BookHeMaGuard)

【相似度 87.5%】序号 122
  源 A: [潇洒] 韩圈 • APP (csp_Hxq)
  源 B: [潇洒] 剧圈 • APP (csp_App99)

【相似度 87.5%】序号 123
  源 A: [我] 夸搜(网盘搜索) (csp_PanSearch)
  源 B: [我] 易搜(网盘搜索) (csp_YiSo)

【相似度 87.5%】序号 124
  源 A: [我] 夸搜(网盘搜索) (csp_PanSearch)
  源 B: [我] 盘搜(网盘搜索) (csp_PanSou)

【相似度 87.5%】序号 125
  源 A: [我] 易搜(网盘搜索) (csp_YiSo)
  源 B: [我] 盘搜(网盘搜索) (csp_PanSou)

【相似度 86.7%】序号 126
  源 A: [接口] ☁TgSearch123┃网盘 (csp_TgSearch123)
  源 B: [接口] ☁TgSearch189┃网盘 (csp_TgSearch189)

【相似度 85.7%】序号 127
  源 A: [王二小] 💓盘库┃4K💓 (csp_AiNewPianKuGuard)
  源 B: [王二小] 💓盘迷┃4K💓 (csp_AiPan1MeGuard)

【相似度 85.7%】序号 128
  源 A: [王二小] 💥韩剧┃秒播💥 (csp_WexAiHanXiaoQuanGuard)
  源 B: [王二小] 💥追剧┃秒播💥 (csp_WexAppV7Guard)

【相似度 85.7%】序号 129
  源 A: [王二小] 💥瓜子┃秒播💥 (csp_WexAiGuaZiGuard)
  源 B: [王二小] 💥柚子┃秒播💥 (csp_WexAppV7Guard)

【相似度 85.7%】序号 130
  源 A: [王二小] 💥瓜子┃秒播💥 (csp_WexAiGuaZiGuard)
  源 B: [王二小] 💥柿子┃秒播💥 (csp_WexAppV7Guard)

【相似度 85.7%】序号 131
  源 A: [王二小] 💥独播┃秒播💥 (csp_WexAiDuBoKuGuard)
  源 B: [王二小] 💥热播┃秒播💥 (csp_WexAiReBoGuard)

【相似度 85.7%】序号 132
  源 A: [王二小] 💥追剧┃秒播💥 (csp_WexAppV7Guard)
  源 B: [牛儿] 💥韩剧┃秒播💥 (csp_WexhanxiaoquanGuard)

【相似度 85.7%】序号 133
  源 A: [王二小] 🍉漫短┃小红🍉 (csp_ManJuAiHongGuoGuard)
  源 B: [王二小] 🍉漫短┃小喜🍉 (csp_ManJuAiXiFanGuard)

【相似度 85.7%】序号 134
  源 A: [王二小] 🍉漫短┃小红🍉 (csp_ManJuAiHongGuoGuard)
  源 B: [王二小] 🍉漫短┃小马🍉 (csp_ManJuAiHeMaGuard)

【相似度 85.7%】序号 135
  源 A: [王二小] 🍉漫剧┃小龙🍉 (csp_ManJuAiHuoLongGuard)
  源 B: [王二小] 🍉漫剧┃小猫🍉 (csp_ManJuAiQiMaoGuard)

【相似度 85.7%】序号 136
  源 A: [王二小] 🍉漫剧┃小猫🍉 (csp_ManJuAiQiMaoGuard)
  源 B: [王二小] 🍉短剧┃小猫🍉 (csp_DuanJuAiQiMiaoGuard)

【相似度 85.7%】序号 137
  源 A: [王二小] 🍉漫短┃小喜🍉 (csp_ManJuAiXiFanGuard)
  源 B: [王二小] 🍉漫短┃小马🍉 (csp_ManJuAiHeMaGuard)

【相似度 85.7%】序号 138
  源 A: [王二小] 🍉短剧┃小猫🍉 (csp_DuanJuAiQiMiaoGuard)
  源 B: [王二小] 🍉短剧┃小薇🍉 (csp_DuanJuAiWeiGuanGuard)

【相似度 85.7%】序号 139
  源 A: [王二小] 🎼小酷┃音乐🎼 (csp_MusicAiKuWoaGuard)
  源 B: [王二小] 🎼酷听┃音乐🎼 (csp_MusicAiKuWoGuard)

【相似度 85.7%】序号 140
  源 A: [王二小] 🎼易听┃音乐🎼 (csp_MusicAi163Guard)
  源 B: [王二小] 🎼酷听┃音乐🎼 (csp_MusicAiKuWoGuard)

【相似度 85.7%】序号 141
  源 A: [王二小] 🌐飞球┃体育🌐 (csp_SportAiFeiQiuGuard)
  源 B: [王二小] 🌐球通┃体育🌐 (csp_SportAiKanQiuTongGuard)

【相似度 85.7%】序号 142
  源 A: [王二小] 💓Emby┃4K💓 (csp_EmbyGuard)
  源 B: [王二小] 💓Emby001┃4K💓 (csp_EmbyDiyGuard)

【相似度 85.7%】序号 143
  源 A: [王二小] 📚少儿┃教育📚 (csp_BiliGuard)
  源 B: [https://www.ls660.com/TV/feimao.json] 📚┃少儿┃教育 (csp_Bili)

【相似度 85.7%】序号 144
  源 A: [王二小] 📚小学┃课堂📚 (csp_BiliGuard)
  源 B: [https://www.ls660.com/TV/feimao.json] 📚┃小学┃课堂 (csp_Bili)

【相似度 85.7%】序号 145
  源 A: [王二小] 📚初中┃课堂📚 (csp_BiliGuard)
  源 B: [https://www.ls660.com/TV/feimao.json] 📚┃初中┃课堂 (csp_Bili)

【相似度 85.7%】序号 146
  源 A: [王二小] 📚高中┃课堂📚 (csp_BiliGuard)
  源 B: [https://www.ls660.com/TV/feimao.json] 📚┃高中┃课堂 (csp_Bili)

【相似度 85.7%】序号 147
  源 A: [王二小] 🎠盘搜┃综合🎠 (csp_SoAiHaiYinGuard)
  源 B: [王二小] 🎠爱盘┃综合🎠 (csp_SoAiAiPanSoGuard)

【相似度 85.7%】序号 148
  源 A: [俊哥接口] 360 (csp_SP360)
  源 B: [5] 🐬360 (csp_360jh)

【相似度 85.7%】序号 149
  源 A: [俊哥接口] 360 (csp_SP360)
  源 B: [zy] 🍏360 (https://360zyzz.com/api.php/provide/vod)

【相似度 85.7%】序号 150
  源 A: [俊哥接口] 360 (csp_SP360)
  源 B: [noimank] 💥360 (https://gh-proxy.com/raw.githubusercontent.com/gaotianliuyun/gao/master/lib/drpy2.min.js)

【相似度 85.7%】序号 151
  源 A: [潇洒] 玩偶 • 4K (csp_Wogg)
  源 B: [潇洒] 木偶 • 4K (csp_PanWebShare)

【相似度 85.7%】序号 152
  源 A: [潇洒] 金牌 • 影视 (csp_Jpys)
  源 B: [接口] 金牌 | 影视 (csp_Glod)

【相似度 85.7%】序号 153
  源 A: [潇洒] 觅盘 • 搜索 (csp_MiPan)
  源 B: [潇洒] 盘搜 • 搜索 (csp_PanSou)

【相似度 85.7%】序号 154
  源 A: [潇洒] 觅盘 • 搜索 (csp_MiPan)
  源 B: [潇洒] 趣盘 • 搜索 (csp_QuPanSo)

【相似度 85.7%】序号 155
  源 A: [潇洒] 盘搜 • 搜索 (csp_PanSou)
  源 B: [潇洒] 趣盘 • 搜索 (csp_QuPanSo)

【相似度 85.7%】序号 156
  源 A: [潇洒] 百酷 • 搜索 (csp_Baiku)
  源 B: [潇洒] 酷乐 • 搜索 (csp_KuLe)

【相似度 85.7%】序号 157
  源 A: [牛儿] 🍉短剧┃秒播🍉 (csp_WexduanjuvopGuard)
  源 B: [牛儿] 🍉短剧┃速播🍉 (csp_WexduanjusuipianGuard)

【相似度 85.7%】序号 158
  源 A: [牛儿] 🍉短剧┃秒播🍉 (csp_WexduanjuvopGuard)
  源 B: [牛儿] 🍉短剧┃瞬播🍉 (csp_WexduanjuvmpGuard)

【相似度 85.7%】序号 159
  源 A: [牛儿] 🍉短剧┃速播🍉 (csp_WexduanjusuipianGuard)
  源 B: [牛儿] 🍉短剧┃瞬播🍉 (csp_WexduanjuvmpGuard)

【相似度 85.7%】序号 160
  源 A: [牛儿] 🍉短剧┃仙品🍉 (csp_WexduanjuhemaGuard)
  源 B: [牛儿] 🍉短剧┃神品🍉 (csp_Wexduanju001Guard)

【相似度 85.7%】序号 161
  源 A: [金鹰] 🌾农民┃影视 (csp_WexNmys)
  源 B: [https://www.ls660.com/TV/feimao.json] 🌾️┃农民┃影视 (csp_Wwys)

【相似度 85.7%】序号 162
  源 A: [金鹰] 🇨🇳央视┃栏目 (py_cctv)
  源 B: [金鹰] 🇨🇳央视┃节目 (https://catbox.n13.club/t4/cntv.php)

【相似度 85.7%】序号 163
  源 A: [5] 爱奇艺 (https://gh-proxy.com/https://gh-proxy.org/https://raw.github.com/tly824/TvBoxx/master/js/drpy2.min.js)
  源 B: [noimank] 💥爱奇艺 (https://gh-proxy.com/raw.githubusercontent.com/gaotianliuyun/gao/master/lib/drpy2.min.js)

【相似度 85.7%】序号 164
  源 A: [vv] 华数 • 影视 (./py/华数.py)
  源 B: [vv] 华谊 • 影视 (./py/华谊影视.py)

【相似度 85.7%】序号 165
  源 A: [00000] 影视-金牌APP(T4) (https://catbox.n13.club/ai/金牌APP.php)
  源 B: [00000] 影视-金牌(T4) (https://catbox.n13.club/t9/jinpai.php)

【相似度 85.7%】序号 166
  源 A: [00000] 影视-金牌APP(T4) (https://catbox.n13.club/ai/金牌APP.php)
  源 B: [00000] 影视-金牌(T4) (https://catbox.n13.club/t9/金牌影视.php)

【相似度 85.7%】序号 167
  源 A: [00000] B站-哔哩(T4) (https://catbox.n13.club/t9/bili.php)
  源 B: [00000] B站-哔哩套餐1(T4) (https://catbox.n13.club/t9/bili.php?id=哔哩套餐1)

【相似度 85.7%】序号 168
  源 A: [apple] 短剧网 (csp_Duanjuw)
  源 B: [noimank] 💥短剧网 (https://www.agit.ai/fantaiying/dr_py/raw/branch/main/libs/drpy2.min.js)

【相似度 85.7%】序号 169
  源 A: [https://clun.top/fun.json] 香奶 | 采集 (https://www.gdlsp.com/api/xml.php)
  源 B: [https://clun.top/fun.json] 奶香 | 采集 (https://naixxzy.com/api.php/provide/vod)

【相似度 85.7%】序号 170
  源 A: [gaotianliuyun] 弹幕 | 资源分享[jar] (csp_PushShare)
  源 B: [gaotianliuyun] 弹幕 | 影视分享[jar] (csp_AliShare)

【相似度 85.7%】序号 171
  源 A: [gaotianliuyun] 弹幕 | 资源分享[jar] (csp_PushShare)
  源 B: [gaotianliuyun] 弹幕 | 迅雷分享[jar] (csp_ThunderShare)

【相似度 85.7%】序号 172
  源 A: [gaotianliuyun] 弹幕 | 资源分享[jar] (csp_PushShare)
  源 B: [gaotianliuyun] 弹幕 | 夸克分享[jar] (csp_QuarkShare)

【相似度 85.7%】序号 173
  源 A: [gaotianliuyun] 弹幕 | 资源分享[jar] (csp_PushShare)
  源 B: [gaotianliuyun] 弹幕 | UC分享[jar] (csp_UCShare)

【相似度 85.7%】序号 174
  源 A: [gaotianliuyun] 弹幕 | 影视分享[jar] (csp_AliShare)
  源 B: [gaotianliuyun] 弹幕 | 迅雷分享[jar] (csp_ThunderShare)

【相似度 85.7%】序号 175
  源 A: [gaotianliuyun] 弹幕 | 影视分享[jar] (csp_AliShare)
  源 B: [gaotianliuyun] 弹幕 | 夸克分享[jar] (csp_QuarkShare)

【相似度 85.7%】序号 176
  源 A: [gaotianliuyun] 弹幕 | 影视分享[jar] (csp_AliShare)
  源 B: [gaotianliuyun] 弹幕 | UC分享[jar] (csp_UCShare)

【相似度 85.7%】序号 177
  源 A: [gaotianliuyun] 弹幕 | 迅雷分享[jar] (csp_ThunderShare)
  源 B: [gaotianliuyun] 弹幕 | 夸克分享[jar] (csp_QuarkShare)

【相似度 85.7%】序号 178
  源 A: [gaotianliuyun] 弹幕 | 迅雷分享[jar] (csp_ThunderShare)
  源 B: [gaotianliuyun] 弹幕 | UC分享[jar] (csp_UCShare)

【相似度 85.7%】序号 179
  源 A: [gaotianliuyun] 弹幕 | 夸克分享[jar] (csp_QuarkShare)
  源 B: [gaotianliuyun] 弹幕 | UC分享[jar] (csp_UCShare)

【相似度 84.6%】序号 180
  源 A: [gaotianliuyun] 弹幕 | 影视分享[jar] (csp_AliShare)
  源 B: [gaotianliuyun] 弹幕 | 影巢[jar] (csp_Hdh)

【相似度 84.6%】序号 181
  源 A: [gaotianliuyun] 弹幕 | 新视觉[jar] (csp_Xinshijue)
  源 B: [gaotianliuyun] 弹幕 | 新6V[jar] (csp_Xb6v)

【相似度 84.6%】序号 182
  源 A: [gaotianliuyun] 弹幕 | 盘Ta[jar] (csp_Panta)
  源 B: [gaotianliuyun] 弹幕 | 小盘盘[jar] (csp_Xpanpan)

【相似度 84.6%】序号 183
  源 A: [gaotianliuyun] 网盘 | TG搜索[jar] (csp_TGYunPan)
  源 B: [gaotianliuyun] 网盘 | 秒搜[jar] (csp_MiaoSou)

【相似度 84.6%】序号 184
  源 A: [gaotianliuyun] 网盘 | 88网盘[jar] (csp_EightEight)
  源 B: [gaotianliuyun] 网盘 | 云盘[jar] (csp_YunPanOne)

【相似度 84.6%】序号 185
  源 A: [gaotianliuyun] 网盘 | 皮卡搜[jar] (csp_PikaSo)
  源 B: [gaotianliuyun] 网盘 | 大盘搜[jar] (csp_DaPanSo)

【相似度 84.6%】序号 186
  源 A: [gaotianliuyun] 网盘 | 混合盘[jar] (csp_HunHePan)
  源 B: [gaotianliuyun] 网盘 | 大盘搜[jar] (csp_DaPanSo)

【相似度 84.6%】序号 187
  源 A: [gaotianliuyun] 阿里 | 易搜[jar] (csp_YiSo)
  源 B: [gaotianliuyun] 阿里 | up云搜[jar] (csp_UpYun)

【相似度 84.6%】序号 188
  源 A: [gaotianliuyun] 阿里 | 盘搜[jar] (csp_PanSou)
  源 B: [gaotianliuyun] 阿里 | up云搜[jar] (csp_UpYun)

【相似度 84.6%】序号 189
  源 A: [gaotianliuyun] 夸克  | 趣盘搜[jar] (csp_Funletu)
  源 B: [gaotianliuyun] 夸克 | 趣盘搜[js] (./lib/drpy2.min.js)

【相似度 83.3%】序号 190
  源 A: [王二小] 📚少儿┃教育📚 (csp_BiliGuard)
  源 B: [我] 少儿┃教育 (csp_Bili)

【相似度 83.3%】序号 191
  源 A: [王二小] 📚小学┃课堂📚 (csp_BiliGuard)
  源 B: [我] 小学┃课堂 (csp_Bili)

【相似度 83.3%】序号 192
  源 A: [王二小] 📚初中┃课堂📚 (csp_BiliGuard)
  源 B: [我] 初中┃课堂 (csp_Bili)

【相似度 83.3%】序号 193
  源 A: [王二小] 📚高中┃课堂📚 (csp_BiliGuard)
  源 B: [我] 高中┃课堂 (csp_Bili)

【相似度 83.3%】序号 194
  源 A: [饭太硬] 👒原创┃不卡 (csp_YCyzGuard)
  源 B: [金鹰] ☀原创┃不卡 (csp_YCyz)

【相似度 83.3%】序号 195
  源 A: [宝盒接口] 游戏┃直播 (csp_YXZB)
  源 B: [金鹰] 📽️游戏┃直播 (csp_Alllive)

【相似度 83.3%】序号 196
  源 A: [宝盒接口] 游戏┃直播 (csp_YXZB)
  源 B: [https://www.ls660.com/TV/feimao.json] 🐼┃游戏┃直播 (csp_Living)

【相似度 83.3%】序号 197
  源 A: [荐片] 🥈310直播 (./lib/drpy2.min.js)
  源 B: [4k] ⚽310直播 (https://gh-proxy.com/https://github.moeyy.xyz/raw.githubusercontent.com/gaotianliuyun/gao/master/lib/drpy2.min.js)

【相似度 83.3%】序号 198
  源 A: [软件] 小猪｜APP (csp_AppQi)
  源 B: [软件] 小鸟｜APP (csp_AppGet)

【相似度 83.3%】序号 199
  源 A: [软件] 小猪｜APP (csp_AppQi)
  源 B: [软件] 小猫｜APP (csp_AppGet)

【相似度 83.3%】序号 200
  源 A: [软件] 小猪｜APP (csp_AppQi)
  源 B: [软件] 小白｜APP (csp_AppGet)

【相似度 83.3%】序号 201
  源 A: [软件] 甜圈｜短剧 (csp_TianquanDJ)
  源 B: [2] 甜圈｜短剧合集 (./py/甜圈短剧.py)

【相似度 83.3%】序号 202
  源 A: [软件] 星芽｜短剧 (https://gh-proxy.com/https://git.yylx.win/raw.githubusercontent.com/PizazzGY/NewTVBox/main/movie/py/XYDJ.py)
  源 B: [2] 星芽｜短剧合集 (https://gitee.com/fuleishu/fulei/raw/master/json/星芽短剧.py)

【相似度 83.3%】序号 203
  源 A: [金鹰] 🥐豆瓣┃推荐 (csp_DouDou)
  源 B: [大嗷呜] 🔥豆瓣┃推荐 (csp_DoubanAmns)

【相似度 83.3%】序号 204
  源 A: [金鹰] 🎀极速┃采集 (https://jszyapi.com/api.php/provide/vod)
  源 B: [apple] 🎀光速┃采集 (http://api.guangsuapi.com/api.php/provide/vod)

【相似度 83.3%】序号 205
  源 A: [金鹰] 👀萌米┃多线 (csp_AppTT)
  源 B: [直播] 👀米陌┃多线 (csp_AppNoxGuard)

【相似度 83.3%】序号 206
  源 A: [我] 儿童┃启蒙 (https://gh-proxy.com/https://ghp.ci/raw.githubusercontent.com/fantaiying7/EXT/refs/heads/main/drpy2.min.js)
  源 B: [feimao] 📚┃儿童┃启蒙 (./api/drpy2.min.js)

【相似度 83.3%】序号 207
  源 A: [vv] TVB云播 (./py/TVB云播.py)
  源 B: [接口] TVB云播影视 (csp_HkTv)

【相似度 83.3%】序号 208
  源 A: [00000] 影视-七壹APP(T4) (https://catbox.n13.club/ai/七壹APP.php)
  源 B: [00000] 影视-优兔APP(T4) (https://catbox.n13.club/ai/优兔APP.php)

【相似度 83.3%】序号 209
  源 A: [00000] 影视-七壹APP(T4) (https://catbox.n13.club/ai/七壹APP.php)
  源 B: [00000] 影视-小猪APP(T4) (https://catbox.n13.club/ai/小猪APP.php)

【相似度 83.3%】序号 210
  源 A: [00000] 影视-七壹APP(T4) (https://catbox.n13.club/ai/七壹APP.php)
  源 B: [00000] 影视-数字APP(T4) (https://catbox.n13.club/ai/数字APP.php)

【相似度 83.3%】序号 211
  源 A: [00000] 影视-七壹APP(T4) (https://catbox.n13.club/ai/七壹APP.php)
  源 B: [00000] 影视-橘子APP(T4) (https://catbox.n13.club/ai/橘子APP.php)

【相似度 83.3%】序号 212
  源 A: [00000] 影视-七壹APP(T4) (https://catbox.n13.club/ai/七壹APP.php)
  源 B: [00000] 影视-段友APP(T4) (https://catbox.n13.club/ai/段友APP.php)

【相似度 83.3%】序号 213
  源 A: [00000] 影视-七壹APP(T4) (https://catbox.n13.club/ai/七壹APP.php)
  源 B: [00000] 影视-火猫APP(T4) (https://catbox.n13.club/ai/火猫APP.php)

【相似度 83.3%】序号 214
  源 A: [00000] 影视-七壹APP(T4) (https://catbox.n13.club/ai/七壹APP.php)
  源 B: [00000] 影视-灵虎APP(T4) (https://catbox.n13.club/ai/灵虎APP.php)

【相似度 83.3%】序号 215
  源 A: [00000] 影视-七壹APP(T4) (https://catbox.n13.club/ai/七壹APP.php)
  源 B: [00000] 影视-爱盈APP(T4) (https://catbox.n13.club/ai/爱盈APP.php)

【相似度 83.3%】序号 216
  源 A: [00000] 影视-七壹APP(T4) (https://catbox.n13.club/ai/七壹APP.php)
  源 B: [00000] 影视-王子APP(T4) (https://catbox.n13.club/ai/王子APP.php)

【相似度 83.3%】序号 217
  源 A: [00000] 影视-七壹APP(T4) (https://catbox.n13.club/ai/七壹APP.php)
  源 B: [00000] 影视-缘梦APP(T4) (https://catbox.n13.club/ai/缘梦APP.php)

【相似度 83.3%】序号 218
  源 A: [00000] 影视-七壹APP(T4) (https://catbox.n13.club/ai/七壹APP.php)
  源 B: [00000] 影视-老鹰APP(T4) (https://catbox.n13.club/ai/老鹰APP.php)

【相似度 83.3%】序号 219
  源 A: [00000] 影视-七壹APP(T4) (https://catbox.n13.club/ai/七壹APP.php)
  源 B: [00000] 影视-蓝鹰APP(T4) (https://catbox.n13.club/ai/蓝鹰APP.php)

【相似度 83.3%】序号 220
  源 A: [00000] 影视-七壹APP(T4) (https://catbox.n13.club/ai/七壹APP.php)
  源 B: [00000] 影视-金牌APP(T4) (https://catbox.n13.club/ai/金牌APP.php)

【相似度 83.3%】序号 221
  源 A: [00000] 影视-七壹APP(T4) (https://catbox.n13.club/ai/七壹APP.php)
  源 B: [00000] 影视-驿站APP(T4) (https://catbox.n13.club/ai/驿站APP.php)

【相似度 83.3%】序号 222
  源 A: [00000] 影视-七壹APP(T4) (https://catbox.n13.club/ai/七壹APP.php)
  源 B: [00000] 影视-黑猫APP(T4) (https://catbox.n13.club/ai/黑猫APP.php)

【相似度 83.3%】序号 223
  源 A: [00000] 影视-优兔APP(T4) (https://catbox.n13.club/ai/优兔APP.php)
  源 B: [00000] 影视-小猪APP(T4) (https://catbox.n13.club/ai/小猪APP.php)

【相似度 83.3%】序号 224
  源 A: [00000] 影视-优兔APP(T4) (https://catbox.n13.club/ai/优兔APP.php)
  源 B: [00000] 影视-数字APP(T4) (https://catbox.n13.club/ai/数字APP.php)

【相似度 83.3%】序号 225
  源 A: [00000] 影视-优兔APP(T4) (https://catbox.n13.club/ai/优兔APP.php)
  源 B: [00000] 影视-橘子APP(T4) (https://catbox.n13.club/ai/橘子APP.php)

【相似度 83.3%】序号 226
  源 A: [00000] 影视-优兔APP(T4) (https://catbox.n13.club/ai/优兔APP.php)
  源 B: [00000] 影视-段友APP(T4) (https://catbox.n13.club/ai/段友APP.php)

【相似度 83.3%】序号 227
  源 A: [00000] 影视-优兔APP(T4) (https://catbox.n13.club/ai/优兔APP.php)
  源 B: [00000] 影视-火猫APP(T4) (https://catbox.n13.club/ai/火猫APP.php)

【相似度 83.3%】序号 228
  源 A: [00000] 影视-优兔APP(T4) (https://catbox.n13.club/ai/优兔APP.php)
  源 B: [00000] 影视-灵虎APP(T4) (https://catbox.n13.club/ai/灵虎APP.php)

【相似度 83.3%】序号 229
  源 A: [00000] 影视-优兔APP(T4) (https://catbox.n13.club/ai/优兔APP.php)
  源 B: [00000] 影视-爱盈APP(T4) (https://catbox.n13.club/ai/爱盈APP.php)

【相似度 83.3%】序号 230
  源 A: [00000] 影视-优兔APP(T4) (https://catbox.n13.club/ai/优兔APP.php)
  源 B: [00000] 影视-王子APP(T4) (https://catbox.n13.club/ai/王子APP.php)

【相似度 83.3%】序号 231
  源 A: [00000] 影视-优兔APP(T4) (https://catbox.n13.club/ai/优兔APP.php)
  源 B: [00000] 影视-缘梦APP(T4) (https://catbox.n13.club/ai/缘梦APP.php)

【相似度 83.3%】序号 232
  源 A: [00000] 影视-优兔APP(T4) (https://catbox.n13.club/ai/优兔APP.php)
  源 B: [00000] 影视-老鹰APP(T4) (https://catbox.n13.club/ai/老鹰APP.php)

【相似度 83.3%】序号 233
  源 A: [00000] 影视-优兔APP(T4) (https://catbox.n13.club/ai/优兔APP.php)
  源 B: [00000] 影视-蓝鹰APP(T4) (https://catbox.n13.club/ai/蓝鹰APP.php)

【相似度 83.3%】序号 234
  源 A: [00000] 影视-优兔APP(T4) (https://catbox.n13.club/ai/优兔APP.php)
  源 B: [00000] 影视-金牌APP(T4) (https://catbox.n13.club/ai/金牌APP.php)

【相似度 83.3%】序号 235
  源 A: [00000] 影视-优兔APP(T4) (https://catbox.n13.club/ai/优兔APP.php)
  源 B: [00000] 影视-驿站APP(T4) (https://catbox.n13.club/ai/驿站APP.php)

【相似度 83.3%】序号 236
  源 A: [00000] 影视-优兔APP(T4) (https://catbox.n13.club/ai/优兔APP.php)
  源 B: [00000] 影视-黑猫APP(T4) (https://catbox.n13.club/ai/黑猫APP.php)

【相似度 83.3%】序号 237
  源 A: [00000] 影视-小猪APP(T4) (https://catbox.n13.club/ai/小猪APP.php)
  源 B: [00000] 影视-数字APP(T4) (https://catbox.n13.club/ai/数字APP.php)

【相似度 83.3%】序号 238
  源 A: [00000] 影视-小猪APP(T4) (https://catbox.n13.club/ai/小猪APP.php)
  源 B: [00000] 影视-橘子APP(T4) (https://catbox.n13.club/ai/橘子APP.php)

【相似度 83.3%】序号 239
  源 A: [00000] 影视-小猪APP(T4) (https://catbox.n13.club/ai/小猪APP.php)
  源 B: [00000] 影视-段友APP(T4) (https://catbox.n13.club/ai/段友APP.php)

【相似度 83.3%】序号 240
  源 A: [00000] 影视-小猪APP(T4) (https://catbox.n13.club/ai/小猪APP.php)
  源 B: [00000] 影视-火猫APP(T4) (https://catbox.n13.club/ai/火猫APP.php)

【相似度 83.3%】序号 241
  源 A: [00000] 影视-小猪APP(T4) (https://catbox.n13.club/ai/小猪APP.php)
  源 B: [00000] 影视-灵虎APP(T4) (https://catbox.n13.club/ai/灵虎APP.php)

【相似度 83.3%】序号 242
  源 A: [00000] 影视-小猪APP(T4) (https://catbox.n13.club/ai/小猪APP.php)
  源 B: [00000] 影视-爱盈APP(T4) (https://catbox.n13.club/ai/爱盈APP.php)

【相似度 83.3%】序号 243
  源 A: [00000] 影视-小猪APP(T4) (https://catbox.n13.club/ai/小猪APP.php)
  源 B: [00000] 影视-王子APP(T4) (https://catbox.n13.club/ai/王子APP.php)

【相似度 83.3%】序号 244
  源 A: [00000] 影视-小猪APP(T4) (https://catbox.n13.club/ai/小猪APP.php)
  源 B: [00000] 影视-缘梦APP(T4) (https://catbox.n13.club/ai/缘梦APP.php)

【相似度 83.3%】序号 245
  源 A: [00000] 影视-小猪APP(T4) (https://catbox.n13.club/ai/小猪APP.php)
  源 B: [00000] 影视-老鹰APP(T4) (https://catbox.n13.club/ai/老鹰APP.php)

【相似度 83.3%】序号 246
  源 A: [00000] 影视-小猪APP(T4) (https://catbox.n13.club/ai/小猪APP.php)
  源 B: [00000] 影视-蓝鹰APP(T4) (https://catbox.n13.club/ai/蓝鹰APP.php)

【相似度 83.3%】序号 247
  源 A: [00000] 影视-小猪APP(T4) (https://catbox.n13.club/ai/小猪APP.php)
  源 B: [00000] 影视-金牌APP(T4) (https://catbox.n13.club/ai/金牌APP.php)

【相似度 83.3%】序号 248
  源 A: [00000] 影视-小猪APP(T4) (https://catbox.n13.club/ai/小猪APP.php)
  源 B: [00000] 影视-驿站APP(T4) (https://catbox.n13.club/ai/驿站APP.php)

【相似度 83.3%】序号 249
  源 A: [00000] 影视-小猪APP(T4) (https://catbox.n13.club/ai/小猪APP.php)
  源 B: [00000] 影视-黑猫APP(T4) (https://catbox.n13.club/ai/黑猫APP.php)

【相似度 83.3%】序号 250
  源 A: [00000] 影视-数字APP(T4) (https://catbox.n13.club/ai/数字APP.php)
  源 B: [00000] 影视-橘子APP(T4) (https://catbox.n13.club/ai/橘子APP.php)

【相似度 83.3%】序号 251
  源 A: [00000] 影视-数字APP(T4) (https://catbox.n13.club/ai/数字APP.php)
  源 B: [00000] 影视-段友APP(T4) (https://catbox.n13.club/ai/段友APP.php)

【相似度 83.3%】序号 252
  源 A: [00000] 影视-数字APP(T4) (https://catbox.n13.club/ai/数字APP.php)
  源 B: [00000] 影视-火猫APP(T4) (https://catbox.n13.club/ai/火猫APP.php)

【相似度 83.3%】序号 253
  源 A: [00000] 影视-数字APP(T4) (https://catbox.n13.club/ai/数字APP.php)
  源 B: [00000] 影视-灵虎APP(T4) (https://catbox.n13.club/ai/灵虎APP.php)

【相似度 83.3%】序号 254
  源 A: [00000] 影视-数字APP(T4) (https://catbox.n13.club/ai/数字APP.php)
  源 B: [00000] 影视-爱盈APP(T4) (https://catbox.n13.club/ai/爱盈APP.php)

【相似度 83.3%】序号 255
  源 A: [00000] 影视-数字APP(T4) (https://catbox.n13.club/ai/数字APP.php)
  源 B: [00000] 影视-王子APP(T4) (https://catbox.n13.club/ai/王子APP.php)

【相似度 83.3%】序号 256
  源 A: [00000] 影视-数字APP(T4) (https://catbox.n13.club/ai/数字APP.php)
  源 B: [00000] 影视-缘梦APP(T4) (https://catbox.n13.club/ai/缘梦APP.php)

【相似度 83.3%】序号 257
  源 A: [00000] 影视-数字APP(T4) (https://catbox.n13.club/ai/数字APP.php)
  源 B: [00000] 影视-老鹰APP(T4) (https://catbox.n13.club/ai/老鹰APP.php)

【相似度 83.3%】序号 258
  源 A: [00000] 影视-数字APP(T4) (https://catbox.n13.club/ai/数字APP.php)
  源 B: [00000] 影视-蓝鹰APP(T4) (https://catbox.n13.club/ai/蓝鹰APP.php)

【相似度 83.3%】序号 259
  源 A: [00000] 影视-数字APP(T4) (https://catbox.n13.club/ai/数字APP.php)
  源 B: [00000] 影视-金牌APP(T4) (https://catbox.n13.club/ai/金牌APP.php)

【相似度 83.3%】序号 260
  源 A: [00000] 影视-数字APP(T4) (https://catbox.n13.club/ai/数字APP.php)
  源 B: [00000] 影视-驿站APP(T4) (https://catbox.n13.club/ai/驿站APP.php)

【相似度 83.3%】序号 261
  源 A: [00000] 影视-数字APP(T4) (https://catbox.n13.club/ai/数字APP.php)
  源 B: [00000] 影视-黑猫APP(T4) (https://catbox.n13.club/ai/黑猫APP.php)

【相似度 83.3%】序号 262
  源 A: [00000] 影视-橘子APP(T4) (https://catbox.n13.club/ai/橘子APP.php)
  源 B: [00000] 影视-段友APP(T4) (https://catbox.n13.club/ai/段友APP.php)

【相似度 83.3%】序号 263
  源 A: [00000] 影视-橘子APP(T4) (https://catbox.n13.club/ai/橘子APP.php)
  源 B: [00000] 影视-火猫APP(T4) (https://catbox.n13.club/ai/火猫APP.php)

【相似度 83.3%】序号 264
  源 A: [00000] 影视-橘子APP(T4) (https://catbox.n13.club/ai/橘子APP.php)
  源 B: [00000] 影视-灵虎APP(T4) (https://catbox.n13.club/ai/灵虎APP.php)

【相似度 83.3%】序号 265
  源 A: [00000] 影视-橘子APP(T4) (https://catbox.n13.club/ai/橘子APP.php)
  源 B: [00000] 影视-爱盈APP(T4) (https://catbox.n13.club/ai/爱盈APP.php)

【相似度 83.3%】序号 266
  源 A: [00000] 影视-橘子APP(T4) (https://catbox.n13.club/ai/橘子APP.php)
  源 B: [00000] 影视-缘梦APP(T4) (https://catbox.n13.club/ai/缘梦APP.php)

【相似度 83.3%】序号 267
  源 A: [00000] 影视-橘子APP(T4) (https://catbox.n13.club/ai/橘子APP.php)
  源 B: [00000] 影视-老鹰APP(T4) (https://catbox.n13.club/ai/老鹰APP.php)

【相似度 83.3%】序号 268
  源 A: [00000] 影视-橘子APP(T4) (https://catbox.n13.club/ai/橘子APP.php)
  源 B: [00000] 影视-蓝鹰APP(T4) (https://catbox.n13.club/ai/蓝鹰APP.php)

【相似度 83.3%】序号 269
  源 A: [00000] 影视-橘子APP(T4) (https://catbox.n13.club/ai/橘子APP.php)
  源 B: [00000] 影视-金牌APP(T4) (https://catbox.n13.club/ai/金牌APP.php)

【相似度 83.3%】序号 270
  源 A: [00000] 影视-橘子APP(T4) (https://catbox.n13.club/ai/橘子APP.php)
  源 B: [00000] 影视-驿站APP(T4) (https://catbox.n13.club/ai/驿站APP.php)

【相似度 83.3%】序号 271
  源 A: [00000] 影视-橘子APP(T4) (https://catbox.n13.club/ai/橘子APP.php)
  源 B: [00000] 影视-黑猫APP(T4) (https://catbox.n13.club/ai/黑猫APP.php)

【相似度 83.3%】序号 272
  源 A: [00000] 影视-段友APP(T4) (https://catbox.n13.club/ai/段友APP.php)
  源 B: [00000] 影视-火猫APP(T4) (https://catbox.n13.club/ai/火猫APP.php)

【相似度 83.3%】序号 273
  源 A: [00000] 影视-段友APP(T4) (https://catbox.n13.club/ai/段友APP.php)
  源 B: [00000] 影视-灵虎APP(T4) (https://catbox.n13.club/ai/灵虎APP.php)

【相似度 83.3%】序号 274
  源 A: [00000] 影视-段友APP(T4) (https://catbox.n13.club/ai/段友APP.php)
  源 B: [00000] 影视-爱盈APP(T4) (https://catbox.n13.club/ai/爱盈APP.php)

【相似度 83.3%】序号 275
  源 A: [00000] 影视-段友APP(T4) (https://catbox.n13.club/ai/段友APP.php)
  源 B: [00000] 影视-王子APP(T4) (https://catbox.n13.club/ai/王子APP.php)

【相似度 83.3%】序号 276
  源 A: [00000] 影视-段友APP(T4) (https://catbox.n13.club/ai/段友APP.php)
  源 B: [00000] 影视-缘梦APP(T4) (https://catbox.n13.club/ai/缘梦APP.php)

【相似度 83.3%】序号 277
  源 A: [00000] 影视-段友APP(T4) (https://catbox.n13.club/ai/段友APP.php)
  源 B: [00000] 影视-老鹰APP(T4) (https://catbox.n13.club/ai/老鹰APP.php)

【相似度 83.3%】序号 278
  源 A: [00000] 影视-段友APP(T4) (https://catbox.n13.club/ai/段友APP.php)
  源 B: [00000] 影视-蓝鹰APP(T4) (https://catbox.n13.club/ai/蓝鹰APP.php)

【相似度 83.3%】序号 279
  源 A: [00000] 影视-段友APP(T4) (https://catbox.n13.club/ai/段友APP.php)
  源 B: [00000] 影视-金牌APP(T4) (https://catbox.n13.club/ai/金牌APP.php)

【相似度 83.3%】序号 280
  源 A: [00000] 影视-段友APP(T4) (https://catbox.n13.club/ai/段友APP.php)
  源 B: [00000] 影视-驿站APP(T4) (https://catbox.n13.club/ai/驿站APP.php)

【相似度 83.3%】序号 281
  源 A: [00000] 影视-段友APP(T4) (https://catbox.n13.club/ai/段友APP.php)
  源 B: [00000] 影视-黑猫APP(T4) (https://catbox.n13.club/ai/黑猫APP.php)

【相似度 83.3%】序号 282
  源 A: [00000] 影视-火猫APP(T4) (https://catbox.n13.club/ai/火猫APP.php)
  源 B: [00000] 影视-灵虎APP(T4) (https://catbox.n13.club/ai/灵虎APP.php)

【相似度 83.3%】序号 283
  源 A: [00000] 影视-火猫APP(T4) (https://catbox.n13.club/ai/火猫APP.php)
  源 B: [00000] 影视-爱盈APP(T4) (https://catbox.n13.club/ai/爱盈APP.php)

【相似度 83.3%】序号 284
  源 A: [00000] 影视-火猫APP(T4) (https://catbox.n13.club/ai/火猫APP.php)
  源 B: [00000] 影视-王子APP(T4) (https://catbox.n13.club/ai/王子APP.php)

【相似度 83.3%】序号 285
  源 A: [00000] 影视-火猫APP(T4) (https://catbox.n13.club/ai/火猫APP.php)
  源 B: [00000] 影视-缘梦APP(T4) (https://catbox.n13.club/ai/缘梦APP.php)

【相似度 83.3%】序号 286
  源 A: [00000] 影视-火猫APP(T4) (https://catbox.n13.club/ai/火猫APP.php)
  源 B: [00000] 影视-老鹰APP(T4) (https://catbox.n13.club/ai/老鹰APP.php)

【相似度 83.3%】序号 287
  源 A: [00000] 影视-火猫APP(T4) (https://catbox.n13.club/ai/火猫APP.php)
  源 B: [00000] 影视-蓝鹰APP(T4) (https://catbox.n13.club/ai/蓝鹰APP.php)

【相似度 83.3%】序号 288
  源 A: [00000] 影视-火猫APP(T4) (https://catbox.n13.club/ai/火猫APP.php)
  源 B: [00000] 影视-金牌APP(T4) (https://catbox.n13.club/ai/金牌APP.php)

【相似度 83.3%】序号 289
  源 A: [00000] 影视-火猫APP(T4) (https://catbox.n13.club/ai/火猫APP.php)
  源 B: [00000] 影视-驿站APP(T4) (https://catbox.n13.club/ai/驿站APP.php)

【相似度 83.3%】序号 290
  源 A: [00000] 影视-灵虎APP(T4) (https://catbox.n13.club/ai/灵虎APP.php)
  源 B: [00000] 影视-爱盈APP(T4) (https://catbox.n13.club/ai/爱盈APP.php)

【相似度 83.3%】序号 291
  源 A: [00000] 影视-灵虎APP(T4) (https://catbox.n13.club/ai/灵虎APP.php)
  源 B: [00000] 影视-王子APP(T4) (https://catbox.n13.club/ai/王子APP.php)

【相似度 83.3%】序号 292
  源 A: [00000] 影视-灵虎APP(T4) (https://catbox.n13.club/ai/灵虎APP.php)
  源 B: [00000] 影视-缘梦APP(T4) (https://catbox.n13.club/ai/缘梦APP.php)

【相似度 83.3%】序号 293
  源 A: [00000] 影视-灵虎APP(T4) (https://catbox.n13.club/ai/灵虎APP.php)
  源 B: [00000] 影视-老鹰APP(T4) (https://catbox.n13.club/ai/老鹰APP.php)

【相似度 83.3%】序号 294
  源 A: [00000] 影视-灵虎APP(T4) (https://catbox.n13.club/ai/灵虎APP.php)
  源 B: [00000] 影视-蓝鹰APP(T4) (https://catbox.n13.club/ai/蓝鹰APP.php)

【相似度 83.3%】序号 295
  源 A: [00000] 影视-灵虎APP(T4) (https://catbox.n13.club/ai/灵虎APP.php)
  源 B: [00000] 影视-金牌APP(T4) (https://catbox.n13.club/ai/金牌APP.php)

【相似度 83.3%】序号 296
  源 A: [00000] 影视-灵虎APP(T4) (https://catbox.n13.club/ai/灵虎APP.php)
  源 B: [00000] 影视-驿站APP(T4) (https://catbox.n13.club/ai/驿站APP.php)

【相似度 83.3%】序号 297
  源 A: [00000] 影视-灵虎APP(T4) (https://catbox.n13.club/ai/灵虎APP.php)
  源 B: [00000] 影视-黑猫APP(T4) (https://catbox.n13.club/ai/黑猫APP.php)

【相似度 83.3%】序号 298
  源 A: [00000] 影视-爱盈APP(T4) (https://catbox.n13.club/ai/爱盈APP.php)
  源 B: [00000] 影视-王子APP(T4) (https://catbox.n13.club/ai/王子APP.php)

【相似度 83.3%】序号 299
  源 A: [00000] 影视-爱盈APP(T4) (https://catbox.n13.club/ai/爱盈APP.php)
  源 B: [00000] 影视-缘梦APP(T4) (https://catbox.n13.club/ai/缘梦APP.php)

【相似度 83.3%】序号 300
  源 A: [00000] 影视-爱盈APP(T4) (https://catbox.n13.club/ai/爱盈APP.php)
  源 B: [00000] 影视-老鹰APP(T4) (https://catbox.n13.club/ai/老鹰APP.php)

【相似度 83.3%】序号 301
  源 A: [00000] 影视-爱盈APP(T4) (https://catbox.n13.club/ai/爱盈APP.php)
  源 B: [00000] 影视-蓝鹰APP(T4) (https://catbox.n13.club/ai/蓝鹰APP.php)

【相似度 83.3%】序号 302
  源 A: [00000] 影视-爱盈APP(T4) (https://catbox.n13.club/ai/爱盈APP.php)
  源 B: [00000] 影视-金牌APP(T4) (https://catbox.n13.club/ai/金牌APP.php)

【相似度 83.3%】序号 303
  源 A: [00000] 影视-爱盈APP(T4) (https://catbox.n13.club/ai/爱盈APP.php)
  源 B: [00000] 影视-驿站APP(T4) (https://catbox.n13.club/ai/驿站APP.php)

【相似度 83.3%】序号 304
  源 A: [00000] 影视-爱盈APP(T4) (https://catbox.n13.club/ai/爱盈APP.php)
  源 B: [00000] 影视-黑猫APP(T4) (https://catbox.n13.club/ai/黑猫APP.php)

【相似度 83.3%】序号 305
  源 A: [00000] 影视-王子APP(T4) (https://catbox.n13.club/ai/王子APP.php)
  源 B: [00000] 影视-缘梦APP(T4) (https://catbox.n13.club/ai/缘梦APP.php)

【相似度 83.3%】序号 306
  源 A: [00000] 影视-王子APP(T4) (https://catbox.n13.club/ai/王子APP.php)
  源 B: [00000] 影视-老鹰APP(T4) (https://catbox.n13.club/ai/老鹰APP.php)

【相似度 83.3%】序号 307
  源 A: [00000] 影视-王子APP(T4) (https://catbox.n13.club/ai/王子APP.php)
  源 B: [00000] 影视-蓝鹰APP(T4) (https://catbox.n13.club/ai/蓝鹰APP.php)

【相似度 83.3%】序号 308
  源 A: [00000] 影视-王子APP(T4) (https://catbox.n13.club/ai/王子APP.php)
  源 B: [00000] 影视-金牌APP(T4) (https://catbox.n13.club/ai/金牌APP.php)

【相似度 83.3%】序号 309
  源 A: [00000] 影视-王子APP(T4) (https://catbox.n13.club/ai/王子APP.php)
  源 B: [00000] 影视-驿站APP(T4) (https://catbox.n13.club/ai/驿站APP.php)

【相似度 83.3%】序号 310
  源 A: [00000] 影视-王子APP(T4) (https://catbox.n13.club/ai/王子APP.php)
  源 B: [00000] 影视-黑猫APP(T4) (https://catbox.n13.club/ai/黑猫APP.php)

【相似度 83.3%】序号 311
  源 A: [00000] 影视-缘梦APP(T4) (https://catbox.n13.club/ai/缘梦APP.php)
  源 B: [00000] 影视-老鹰APP(T4) (https://catbox.n13.club/ai/老鹰APP.php)

【相似度 83.3%】序号 312
  源 A: [00000] 影视-缘梦APP(T4) (https://catbox.n13.club/ai/缘梦APP.php)
  源 B: [00000] 影视-蓝鹰APP(T4) (https://catbox.n13.club/ai/蓝鹰APP.php)

【相似度 83.3%】序号 313
  源 A: [00000] 影视-缘梦APP(T4) (https://catbox.n13.club/ai/缘梦APP.php)
  源 B: [00000] 影视-金牌APP(T4) (https://catbox.n13.club/ai/金牌APP.php)

【相似度 83.3%】序号 314
  源 A: [00000] 影视-缘梦APP(T4) (https://catbox.n13.club/ai/缘梦APP.php)
  源 B: [00000] 影视-驿站APP(T4) (https://catbox.n13.club/ai/驿站APP.php)

【相似度 83.3%】序号 315
  源 A: [00000] 影视-缘梦APP(T4) (https://catbox.n13.club/ai/缘梦APP.php)
  源 B: [00000] 影视-黑猫APP(T4) (https://catbox.n13.club/ai/黑猫APP.php)

【相似度 83.3%】序号 316
  源 A: [00000] 影视-老鹰APP(T4) (https://catbox.n13.club/ai/老鹰APP.php)
  源 B: [00000] 影视-金牌APP(T4) (https://catbox.n13.club/ai/金牌APP.php)

【相似度 83.3%】序号 317
  源 A: [00000] 影视-老鹰APP(T4) (https://catbox.n13.club/ai/老鹰APP.php)
  源 B: [00000] 影视-驿站APP(T4) (https://catbox.n13.club/ai/驿站APP.php)

【相似度 83.3%】序号 318
  源 A: [00000] 影视-老鹰APP(T4) (https://catbox.n13.club/ai/老鹰APP.php)
  源 B: [00000] 影视-黑猫APP(T4) (https://catbox.n13.club/ai/黑猫APP.php)

【相似度 83.3%】序号 319
  源 A: [00000] 影视-蓝鹰APP(T4) (https://catbox.n13.club/ai/蓝鹰APP.php)
  源 B: [00000] 影视-金牌APP(T4) (https://catbox.n13.club/ai/金牌APP.php)

【相似度 83.3%】序号 320
  源 A: [00000] 影视-蓝鹰APP(T4) (https://catbox.n13.club/ai/蓝鹰APP.php)
  源 B: [00000] 影视-驿站APP(T4) (https://catbox.n13.club/ai/驿站APP.php)

【相似度 83.3%】序号 321
  源 A: [00000] 影视-蓝鹰APP(T4) (https://catbox.n13.club/ai/蓝鹰APP.php)
  源 B: [00000] 影视-黑猫APP(T4) (https://catbox.n13.club/ai/黑猫APP.php)

【相似度 83.3%】序号 322
  源 A: [00000] 影视-金牌APP(T4) (https://catbox.n13.club/ai/金牌APP.php)
  源 B: [00000] 影视-驿站APP(T4) (https://catbox.n13.club/ai/驿站APP.php)

【相似度 83.3%】序号 323
  源 A: [00000] 影视-金牌APP(T4) (https://catbox.n13.club/ai/金牌APP.php)
  源 B: [00000] 影视-黑猫APP(T4) (https://catbox.n13.club/ai/黑猫APP.php)

【相似度 83.3%】序号 324
  源 A: [00000] 影视-驿站APP(T4) (https://catbox.n13.club/ai/驿站APP.php)
  源 B: [00000] 影视-黑猫APP(T4) (https://catbox.n13.club/ai/黑猫APP.php)

【相似度 83.3%】序号 325
  源 A: [大嗷呜] 💥玩偶┃4K (csp_WoggAmns)
  源 B: [大嗷呜] 💥木偶┃4K (csp_WobgAmns)

【相似度 83.3%】序号 326
  源 A: [大嗷呜] 🎸酷狗┃音乐 (csp_KuGouAmns)
  源 B: [大嗷呜] 🎸酷听┃音乐 (csp_KuwoAmns)

【相似度 83.3%】序号 327
  源 A: [gaotianliuyun] 搜索 | 豆瓣[jar] (csp_Douban)
  源 B: [gaotianliuyun] 搜索 | TG[jar] (csp_TGYunPanLocal)

【相似度 83.3%】序号 328
  源 A: [gaotianliuyun] 弹幕 | 荐片[jar] (csp_Jianpian)
  源 B: [gaotianliuyun] 弹幕 | 哔滴[jar] (csp_Bdys01)

【相似度 83.3%】序号 329
  源 A: [gaotianliuyun] 弹幕 | 荐片[jar] (csp_Jianpian)
  源 B: [gaotianliuyun] 弹幕 | 天天[jar] (csp_TTian)

【相似度 83.3%】序号 330
  源 A: [gaotianliuyun] 弹幕 | 荐片[jar] (csp_Jianpian)
  源 B: [gaotianliuyun] 弹幕 | 追剧[jar] (csp_TTian)

【相似度 83.3%】序号 331
  源 A: [gaotianliuyun] 弹幕 | 荐片[jar] (csp_Jianpian)
  源 B: [gaotianliuyun] 弹幕 | 南瓜[jar] (csp_NanGua)

【相似度 83.3%】序号 332
  源 A: [gaotianliuyun] 弹幕 | 荐片[jar] (csp_Jianpian)
  源 B: [gaotianliuyun] 弹幕 | 玩偶[jar] (csp_Wogg)

【相似度 83.3%】序号 333
  源 A: [gaotianliuyun] 弹幕 | 荐片[jar] (csp_Jianpian)
  源 B: [gaotianliuyun] 弹幕 | 表哥[jar] (csp_Wobg)

【相似度 83.3%】序号 334
  源 A: [gaotianliuyun] 弹幕 | 荐片[jar] (csp_Jianpian)
  源 B: [gaotianliuyun] 弹幕 | 老哥[jar] (csp_Wobg)

【相似度 83.3%】序号 335
  源 A: [gaotianliuyun] 弹幕 | 荐片[jar] (csp_Jianpian)
  源 B: [gaotianliuyun] 弹幕 | 蜡笔[jar] (csp_Wobg)

【相似度 83.3%】序号 336
  源 A: [gaotianliuyun] 弹幕 | 荐片[jar] (csp_Jianpian)
  源 B: [gaotianliuyun] 弹幕 | 低端[jar] (csp_Ddys)

【相似度 83.3%】序号 337
  源 A: [gaotianliuyun] 弹幕 | 荐片[jar] (csp_Jianpian)
  源 B: [gaotianliuyun] 弹幕 | 校长[jar] (csp_XiaoZhang)

【相似度 83.3%】序号 338
  源 A: [gaotianliuyun] 弹幕 | 荐片[jar] (csp_Jianpian)
  源 B: [gaotianliuyun] 弹幕 | 团长[jar] (csp_TZFile)

【相似度 83.3%】序号 339
  源 A: [gaotianliuyun] 弹幕 | 荐片[jar] (csp_Jianpian)
  源 B: [gaotianliuyun] 弹幕 | 影巢[jar] (csp_Hdh)

【相似度 83.3%】序号 340
  源 A: [gaotianliuyun] 弹幕 | 荐片[jar] (csp_Jianpian)
  源 B: [gaotianliuyun] 弹幕 | 云盘[jar] (csp_YunPan)

【相似度 83.3%】序号 341
  源 A: [gaotianliuyun] 弹幕 | 哔滴[jar] (csp_Bdys01)
  源 B: [gaotianliuyun] 弹幕 | 天天[jar] (csp_TTian)

【相似度 83.3%】序号 342
  源 A: [gaotianliuyun] 弹幕 | 哔滴[jar] (csp_Bdys01)
  源 B: [gaotianliuyun] 弹幕 | 追剧[jar] (csp_TTian)

【相似度 83.3%】序号 343
  源 A: [gaotianliuyun] 弹幕 | 哔滴[jar] (csp_Bdys01)
  源 B: [gaotianliuyun] 弹幕 | 南瓜[jar] (csp_NanGua)

【相似度 83.3%】序号 344
  源 A: [gaotianliuyun] 弹幕 | 哔滴[jar] (csp_Bdys01)
  源 B: [gaotianliuyun] 弹幕 | 玩偶[jar] (csp_Wogg)

【相似度 83.3%】序号 345
  源 A: [gaotianliuyun] 弹幕 | 哔滴[jar] (csp_Bdys01)
  源 B: [gaotianliuyun] 弹幕 | 表哥[jar] (csp_Wobg)

【相似度 83.3%】序号 346
  源 A: [gaotianliuyun] 弹幕 | 哔滴[jar] (csp_Bdys01)
  源 B: [gaotianliuyun] 弹幕 | 老哥[jar] (csp_Wobg)

【相似度 83.3%】序号 347
  源 A: [gaotianliuyun] 弹幕 | 哔滴[jar] (csp_Bdys01)
  源 B: [gaotianliuyun] 弹幕 | 蜡笔[jar] (csp_Wobg)

【相似度 83.3%】序号 348
  源 A: [gaotianliuyun] 弹幕 | 哔滴[jar] (csp_Bdys01)
  源 B: [gaotianliuyun] 弹幕 | 低端[jar] (csp_Ddys)

【相似度 83.3%】序号 349
  源 A: [gaotianliuyun] 弹幕 | 哔滴[jar] (csp_Bdys01)
  源 B: [gaotianliuyun] 弹幕 | 校长[jar] (csp_XiaoZhang)

【相似度 83.3%】序号 350
  源 A: [gaotianliuyun] 弹幕 | 哔滴[jar] (csp_Bdys01)
  源 B: [gaotianliuyun] 弹幕 | 团长[jar] (csp_TZFile)

【相似度 83.3%】序号 351
  源 A: [gaotianliuyun] 弹幕 | 哔滴[jar] (csp_Bdys01)
  源 B: [gaotianliuyun] 弹幕 | 影巢[jar] (csp_Hdh)

【相似度 83.3%】序号 352
  源 A: [gaotianliuyun] 弹幕 | 哔滴[jar] (csp_Bdys01)
  源 B: [gaotianliuyun] 弹幕 | 云盘[jar] (csp_YunPan)

【相似度 83.3%】序号 353
  源 A: [gaotianliuyun] 弹幕 | 天天[jar] (csp_TTian)
  源 B: [gaotianliuyun] 弹幕 | 南瓜[jar] (csp_NanGua)

【相似度 83.3%】序号 354
  源 A: [gaotianliuyun] 弹幕 | 天天[jar] (csp_TTian)
  源 B: [gaotianliuyun] 弹幕 | 玩偶[jar] (csp_Wogg)

【相似度 83.3%】序号 355
  源 A: [gaotianliuyun] 弹幕 | 天天[jar] (csp_TTian)
  源 B: [gaotianliuyun] 弹幕 | 表哥[jar] (csp_Wobg)

【相似度 83.3%】序号 356
  源 A: [gaotianliuyun] 弹幕 | 天天[jar] (csp_TTian)
  源 B: [gaotianliuyun] 弹幕 | 老哥[jar] (csp_Wobg)

【相似度 83.3%】序号 357
  源 A: [gaotianliuyun] 弹幕 | 天天[jar] (csp_TTian)
  源 B: [gaotianliuyun] 弹幕 | 蜡笔[jar] (csp_Wobg)

【相似度 83.3%】序号 358
  源 A: [gaotianliuyun] 弹幕 | 天天[jar] (csp_TTian)
  源 B: [gaotianliuyun] 弹幕 | 低端[jar] (csp_Ddys)

【相似度 83.3%】序号 359
  源 A: [gaotianliuyun] 弹幕 | 天天[jar] (csp_TTian)
  源 B: [gaotianliuyun] 弹幕 | 校长[jar] (csp_XiaoZhang)

【相似度 83.3%】序号 360
  源 A: [gaotianliuyun] 弹幕 | 天天[jar] (csp_TTian)
  源 B: [gaotianliuyun] 弹幕 | 团长[jar] (csp_TZFile)

【相似度 83.3%】序号 361
  源 A: [gaotianliuyun] 弹幕 | 天天[jar] (csp_TTian)
  源 B: [gaotianliuyun] 弹幕 | 影巢[jar] (csp_Hdh)

【相似度 83.3%】序号 362
  源 A: [gaotianliuyun] 弹幕 | 天天[jar] (csp_TTian)
  源 B: [gaotianliuyun] 弹幕 | 云盘[jar] (csp_YunPan)

【相似度 83.3%】序号 363
  源 A: [gaotianliuyun] 弹幕 | 追剧[jar] (csp_TTian)
  源 B: [gaotianliuyun] 弹幕 | 南瓜[jar] (csp_NanGua)

【相似度 83.3%】序号 364
  源 A: [gaotianliuyun] 弹幕 | 追剧[jar] (csp_TTian)
  源 B: [gaotianliuyun] 弹幕 | 玩偶[jar] (csp_Wogg)

【相似度 83.3%】序号 365
  源 A: [gaotianliuyun] 弹幕 | 追剧[jar] (csp_TTian)
  源 B: [gaotianliuyun] 弹幕 | 表哥[jar] (csp_Wobg)

【相似度 83.3%】序号 366
  源 A: [gaotianliuyun] 弹幕 | 追剧[jar] (csp_TTian)
  源 B: [gaotianliuyun] 弹幕 | 老哥[jar] (csp_Wobg)

【相似度 83.3%】序号 367
  源 A: [gaotianliuyun] 弹幕 | 追剧[jar] (csp_TTian)
  源 B: [gaotianliuyun] 弹幕 | 蜡笔[jar] (csp_Wobg)

【相似度 83.3%】序号 368
  源 A: [gaotianliuyun] 弹幕 | 追剧[jar] (csp_TTian)
  源 B: [gaotianliuyun] 弹幕 | 低端[jar] (csp_Ddys)

【相似度 83.3%】序号 369
  源 A: [gaotianliuyun] 弹幕 | 追剧[jar] (csp_TTian)
  源 B: [gaotianliuyun] 弹幕 | 校长[jar] (csp_XiaoZhang)

【相似度 83.3%】序号 370
  源 A: [gaotianliuyun] 弹幕 | 追剧[jar] (csp_TTian)
  源 B: [gaotianliuyun] 弹幕 | 团长[jar] (csp_TZFile)

【相似度 83.3%】序号 371
  源 A: [gaotianliuyun] 弹幕 | 追剧[jar] (csp_TTian)
  源 B: [gaotianliuyun] 弹幕 | 影巢[jar] (csp_Hdh)

【相似度 83.3%】序号 372
  源 A: [gaotianliuyun] 弹幕 | 追剧[jar] (csp_TTian)
  源 B: [gaotianliuyun] 弹幕 | 云盘[jar] (csp_YunPan)

【相似度 83.3%】序号 373
  源 A: [gaotianliuyun] 弹幕 | 南瓜[jar] (csp_NanGua)
  源 B: [gaotianliuyun] 弹幕 | 玩偶[jar] (csp_Wogg)

【相似度 83.3%】序号 374
  源 A: [gaotianliuyun] 弹幕 | 南瓜[jar] (csp_NanGua)
  源 B: [gaotianliuyun] 弹幕 | 表哥[jar] (csp_Wobg)

【相似度 83.3%】序号 375
  源 A: [gaotianliuyun] 弹幕 | 南瓜[jar] (csp_NanGua)
  源 B: [gaotianliuyun] 弹幕 | 老哥[jar] (csp_Wobg)

【相似度 83.3%】序号 376
  源 A: [gaotianliuyun] 弹幕 | 南瓜[jar] (csp_NanGua)
  源 B: [gaotianliuyun] 弹幕 | 蜡笔[jar] (csp_Wobg)

【相似度 83.3%】序号 377
  源 A: [gaotianliuyun] 弹幕 | 南瓜[jar] (csp_NanGua)
  源 B: [gaotianliuyun] 弹幕 | 低端[jar] (csp_Ddys)

【相似度 83.3%】序号 378
  源 A: [gaotianliuyun] 弹幕 | 南瓜[jar] (csp_NanGua)
  源 B: [gaotianliuyun] 弹幕 | 校长[jar] (csp_XiaoZhang)

【相似度 83.3%】序号 379
  源 A: [gaotianliuyun] 弹幕 | 南瓜[jar] (csp_NanGua)
  源 B: [gaotianliuyun] 弹幕 | 团长[jar] (csp_TZFile)

【相似度 83.3%】序号 380
  源 A: [gaotianliuyun] 弹幕 | 南瓜[jar] (csp_NanGua)
  源 B: [gaotianliuyun] 弹幕 | 影巢[jar] (csp_Hdh)

【相似度 83.3%】序号 381
  源 A: [gaotianliuyun] 弹幕 | 南瓜[jar] (csp_NanGua)
  源 B: [gaotianliuyun] 弹幕 | 云盘[jar] (csp_YunPan)

【相似度 83.3%】序号 382
  源 A: [gaotianliuyun] 弹幕 | 玩偶[jar] (csp_Wogg)
  源 B: [gaotianliuyun] 弹幕 | 表哥[jar] (csp_Wobg)

【相似度 83.3%】序号 383
  源 A: [gaotianliuyun] 弹幕 | 玩偶[jar] (csp_Wogg)
  源 B: [gaotianliuyun] 弹幕 | 老哥[jar] (csp_Wobg)

【相似度 83.3%】序号 384
  源 A: [gaotianliuyun] 弹幕 | 玩偶[jar] (csp_Wogg)
  源 B: [gaotianliuyun] 弹幕 | 蜡笔[jar] (csp_Wobg)

【相似度 83.3%】序号 385
  源 A: [gaotianliuyun] 弹幕 | 玩偶[jar] (csp_Wogg)
  源 B: [gaotianliuyun] 弹幕 | 低端[jar] (csp_Ddys)

【相似度 83.3%】序号 386
  源 A: [gaotianliuyun] 弹幕 | 玩偶[jar] (csp_Wogg)
  源 B: [gaotianliuyun] 弹幕 | 校长[jar] (csp_XiaoZhang)

【相似度 83.3%】序号 387
  源 A: [gaotianliuyun] 弹幕 | 玩偶[jar] (csp_Wogg)
  源 B: [gaotianliuyun] 弹幕 | 团长[jar] (csp_TZFile)

【相似度 83.3%】序号 388
  源 A: [gaotianliuyun] 弹幕 | 玩偶[jar] (csp_Wogg)
  源 B: [gaotianliuyun] 弹幕 | 影巢[jar] (csp_Hdh)

【相似度 83.3%】序号 389
  源 A: [gaotianliuyun] 弹幕 | 玩偶[jar] (csp_Wogg)
  源 B: [gaotianliuyun] 弹幕 | 云盘[jar] (csp_YunPan)

【相似度 83.3%】序号 390
  源 A: [gaotianliuyun] 弹幕 | 表哥[jar] (csp_Wobg)
  源 B: [gaotianliuyun] 弹幕 | 低端[jar] (csp_Ddys)

【相似度 83.3%】序号 391
  源 A: [gaotianliuyun] 弹幕 | 表哥[jar] (csp_Wobg)
  源 B: [gaotianliuyun] 弹幕 | 校长[jar] (csp_XiaoZhang)

【相似度 83.3%】序号 392
  源 A: [gaotianliuyun] 弹幕 | 表哥[jar] (csp_Wobg)
  源 B: [gaotianliuyun] 弹幕 | 团长[jar] (csp_TZFile)

【相似度 83.3%】序号 393
  源 A: [gaotianliuyun] 弹幕 | 表哥[jar] (csp_Wobg)
  源 B: [gaotianliuyun] 弹幕 | 影巢[jar] (csp_Hdh)

【相似度 83.3%】序号 394
  源 A: [gaotianliuyun] 弹幕 | 表哥[jar] (csp_Wobg)
  源 B: [gaotianliuyun] 弹幕 | 云盘[jar] (csp_YunPan)

【相似度 83.3%】序号 395
  源 A: [gaotianliuyun] 弹幕 | 老哥[jar] (csp_Wobg)
  源 B: [gaotianliuyun] 弹幕 | 低端[jar] (csp_Ddys)

【相似度 83.3%】序号 396
  源 A: [gaotianliuyun] 弹幕 | 老哥[jar] (csp_Wobg)
  源 B: [gaotianliuyun] 弹幕 | 校长[jar] (csp_XiaoZhang)

【相似度 83.3%】序号 397
  源 A: [gaotianliuyun] 弹幕 | 老哥[jar] (csp_Wobg)
  源 B: [gaotianliuyun] 弹幕 | 团长[jar] (csp_TZFile)

【相似度 83.3%】序号 398
  源 A: [gaotianliuyun] 弹幕 | 老哥[jar] (csp_Wobg)
  源 B: [gaotianliuyun] 弹幕 | 影巢[jar] (csp_Hdh)

【相似度 83.3%】序号 399
  源 A: [gaotianliuyun] 弹幕 | 老哥[jar] (csp_Wobg)
  源 B: [gaotianliuyun] 弹幕 | 云盘[jar] (csp_YunPan)

【相似度 83.3%】序号 400
  源 A: [gaotianliuyun] 弹幕 | 蜡笔[jar] (csp_Wobg)
  源 B: [gaotianliuyun] 弹幕 | 低端[jar] (csp_Ddys)

【相似度 83.3%】序号 401
  源 A: [gaotianliuyun] 弹幕 | 蜡笔[jar] (csp_Wobg)
  源 B: [gaotianliuyun] 弹幕 | 校长[jar] (csp_XiaoZhang)

【相似度 83.3%】序号 402
  源 A: [gaotianliuyun] 弹幕 | 蜡笔[jar] (csp_Wobg)
  源 B: [gaotianliuyun] 弹幕 | 团长[jar] (csp_TZFile)

【相似度 83.3%】序号 403
  源 A: [gaotianliuyun] 弹幕 | 蜡笔[jar] (csp_Wobg)
  源 B: [gaotianliuyun] 弹幕 | 影巢[jar] (csp_Hdh)

【相似度 83.3%】序号 404
  源 A: [gaotianliuyun] 弹幕 | 蜡笔[jar] (csp_Wobg)
  源 B: [gaotianliuyun] 弹幕 | 云盘[jar] (csp_YunPan)

【相似度 83.3%】序号 405
  源 A: [gaotianliuyun] 网盘 | 土豆[jar] (csp_Wobg)
  源 B: [gaotianliuyun] 网盘 | 秒搜[jar] (csp_MiaoSou)

【相似度 83.3%】序号 406
  源 A: [gaotianliuyun] 网盘 | 土豆[jar] (csp_Wobg)
  源 B: [gaotianliuyun] 网盘 | 千帆[jar] (csp_Qianfan)

【相似度 83.3%】序号 407
  源 A: [gaotianliuyun] 网盘 | 土豆[jar] (csp_Wobg)
  源 B: [gaotianliuyun] 网盘 | 小云[jar] (csp_YunSo)

【相似度 83.3%】序号 408
  源 A: [gaotianliuyun] 网盘 | 土豆[jar] (csp_Wobg)
  源 B: [gaotianliuyun] 网盘 | 云盘[jar] (csp_YunPanOne)

【相似度 83.3%】序号 409
  源 A: [gaotianliuyun] 网盘 | 小米[jar] (csp_Wobg)
  源 B: [gaotianliuyun] 网盘 | 秒搜[jar] (csp_MiaoSou)

【相似度 83.3%】序号 410
  源 A: [gaotianliuyun] 网盘 | 小米[jar] (csp_Wobg)
  源 B: [gaotianliuyun] 网盘 | 千帆[jar] (csp_Qianfan)

【相似度 83.3%】序号 411
  源 A: [gaotianliuyun] 网盘 | 小米[jar] (csp_Wobg)
  源 B: [gaotianliuyun] 网盘 | 云盘[jar] (csp_YunPanOne)

【相似度 83.3%】序号 412
  源 A: [gaotianliuyun] 弹幕 | 低端[jar] (csp_Ddys)
  源 B: [gaotianliuyun] 弹幕 | 校长[jar] (csp_XiaoZhang)

【相似度 83.3%】序号 413
  源 A: [gaotianliuyun] 弹幕 | 低端[jar] (csp_Ddys)
  源 B: [gaotianliuyun] 弹幕 | 团长[jar] (csp_TZFile)

【相似度 83.3%】序号 414
  源 A: [gaotianliuyun] 弹幕 | 低端[jar] (csp_Ddys)
  源 B: [gaotianliuyun] 弹幕 | 影巢[jar] (csp_Hdh)

【相似度 83.3%】序号 415
  源 A: [gaotianliuyun] 弹幕 | 低端[jar] (csp_Ddys)
  源 B: [gaotianliuyun] 弹幕 | 云盘[jar] (csp_YunPan)

【相似度 83.3%】序号 416
  源 A: [gaotianliuyun] 弹幕 | 校长[jar] (csp_XiaoZhang)
  源 B: [gaotianliuyun] 弹幕 | 影巢[jar] (csp_Hdh)

【相似度 83.3%】序号 417
  源 A: [gaotianliuyun] 弹幕 | 校长[jar] (csp_XiaoZhang)
  源 B: [gaotianliuyun] 弹幕 | 云盘[jar] (csp_YunPan)

【相似度 83.3%】序号 418
  源 A: [gaotianliuyun] 弹幕 | 团长[jar] (csp_TZFile)
  源 B: [gaotianliuyun] 弹幕 | 影巢[jar] (csp_Hdh)

【相似度 83.3%】序号 419
  源 A: [gaotianliuyun] 弹幕 | 团长[jar] (csp_TZFile)
  源 B: [gaotianliuyun] 弹幕 | 云盘[jar] (csp_YunPan)

【相似度 83.3%】序号 420
  源 A: [gaotianliuyun] 弹幕 | 影巢[jar] (csp_Hdh)
  源 B: [gaotianliuyun] 弹幕 | 云盘[jar] (csp_YunPan)

【相似度 83.3%】序号 421
  源 A: [gaotianliuyun] 弹幕 | 云盘[jar] (csp_YunPan)
  源 B: [gaotianliuyun] 网盘 | 云盘[jar] (csp_YunPanOne)

【相似度 83.3%】序号 422
  源 A: [gaotianliuyun] 网盘 | 秒搜[jar] (csp_MiaoSou)
  源 B: [gaotianliuyun] 网盘 | 千帆[jar] (csp_Qianfan)

【相似度 83.3%】序号 423
  源 A: [gaotianliuyun] 网盘 | 秒搜[jar] (csp_MiaoSou)
  源 B: [gaotianliuyun] 网盘 | 小云[jar] (csp_YunSo)

【相似度 83.3%】序号 424
  源 A: [gaotianliuyun] 网盘 | 秒搜[jar] (csp_MiaoSou)
  源 B: [gaotianliuyun] 网盘 | 云盘[jar] (csp_YunPanOne)

【相似度 83.3%】序号 425
  源 A: [gaotianliuyun] 网盘 | 千帆[jar] (csp_Qianfan)
  源 B: [gaotianliuyun] 网盘 | 小云[jar] (csp_YunSo)

【相似度 83.3%】序号 426
  源 A: [gaotianliuyun] 网盘 | 千帆[jar] (csp_Qianfan)
  源 B: [gaotianliuyun] 网盘 | 云盘[jar] (csp_YunPanOne)

【相似度 83.3%】序号 427
  源 A: [gaotianliuyun] 阿里 | 纸条[jar] (csp_Gitcafe)
  源 B: [gaotianliuyun] 阿里 | 七夜[jar] (csp_Dovx)

【相似度 83.3%】序号 428
  源 A: [gaotianliuyun] 阿里 | 纸条[jar] (csp_Gitcafe)
  源 B: [gaotianliuyun] 阿里 | 易搜[jar] (csp_YiSo)

【相似度 83.3%】序号 429
  源 A: [gaotianliuyun] 阿里 | 纸条[jar] (csp_Gitcafe)
  源 B: [gaotianliuyun] 阿里 | 盘搜[jar] (csp_PanSou)

【相似度 83.3%】序号 430
  源 A: [gaotianliuyun] 阿里 | 七夜[jar] (csp_Dovx)
  源 B: [gaotianliuyun] 阿里 | 易搜[jar] (csp_YiSo)

【相似度 83.3%】序号 431
  源 A: [gaotianliuyun] 阿里 | 七夜[jar] (csp_Dovx)
  源 B: [gaotianliuyun] 阿里 | 盘搜[jar] (csp_PanSou)

【相似度 83.3%】序号 432
  源 A: [gaotianliuyun] 阿里 | 盘搜[jar] (csp_PanSou)
  源 B: [gaotianliuyun] 夸克 | 盘搜[jar] (csp_QuarkPanso)

【相似度 83.3%】序号 433
  源 A: [gaotianliuyun] 夸克 | 盘搜[jar] (csp_QuarkPanso)
  源 B: [gaotianliuyun] 夸克 | 爱盘搜[js] (./lib/drpy2.min.js)

【相似度 83.3%】序号 434
  源 A: [gaotianliuyun] 夸克 | 盘搜[jar] (csp_QuarkPanso)
  源 B: [gaotianliuyun] 夸克 | 趣盘搜[js] (./lib/drpy2.min.js)

【相似度 82.8%】序号 435
  源 A: [gaotianliuyun] 弹幕 | 资源分享[jar] (csp_PushShare)
  源 B: [gaotianliuyun] 弹幕 | 115分享[jar] (csp_P115Share)

【相似度 82.8%】序号 436
  源 A: [gaotianliuyun] 弹幕 | 影视分享[jar] (csp_AliShare)
  源 B: [gaotianliuyun] 弹幕 | 115分享[jar] (csp_P115Share)

【相似度 82.8%】序号 437
  源 A: [gaotianliuyun] 弹幕 | 迅雷分享[jar] (csp_ThunderShare)
  源 B: [gaotianliuyun] 弹幕 | 115分享[jar] (csp_P115Share)

【相似度 82.8%】序号 438
  源 A: [gaotianliuyun] 弹幕 | 夸克分享[jar] (csp_QuarkShare)
  源 B: [gaotianliuyun] 弹幕 | 115分享[jar] (csp_P115Share)

【相似度 82.8%】序号 439
  源 A: [gaotianliuyun] 弹幕 | 115分享[jar] (csp_P115Share)
  源 B: [gaotianliuyun] 弹幕 | UC分享[jar] (csp_UCShare)

【相似度 82.4%】序号 440
  源 A: [我] 盘搜(网盘搜索) (csp_PanSou)
  源 B: [我] 盘Se(网盘搜索) (csp_PanSearch)

【相似度 81.8%】序号 441
  源 A: [vv] 影视 • 非凡[直连] (http://ffzy.tv/api.php/provide/vod)
  源 B: [vv] 影视 • 索尼[直连] (https://suoniapi.com/api.php/provide/vod/at/xml)

【相似度 81.8%】序号 442
  源 A: [vv] 影视 • 非凡[直连] (http://ffzy.tv/api.php/provide/vod)
  源 B: [vv] 影视 • 尤酷[直连] (https://api.ukuapi.com/api.php/provide/vod)

【相似度 81.8%】序号 443
  源 A: [vv] 影视 • 索尼[直连] (https://suoniapi.com/api.php/provide/vod/at/xml)
  源 B: [vv] 影视 • 尤酷[直连] (https://api.ukuapi.com/api.php/provide/vod)

【相似度 81.8%】序号 444
  源 A: [00000] 影视-小猪APP(T4) (https://catbox.n13.club/ai/小猪APP.php)
  源 B: [00000] 影视-花小猪(T4) (https://catbox.n13.club/t9/huaxiaozhu.php)

【相似度 81.8%】序号 445
  源 A: [00000] B站-儿童拼音(T4) (https://catbox.n13.club/t9/bili.php?id=儿童拼音)
  源 B: [00000] B站-儿童思维(T4) (https://catbox.n13.club/t9/bili.php?id=儿童思维)

【相似度 81.8%】序号 446
  源 A: [00000] B站-儿童拼音(T4) (https://catbox.n13.club/t9/bili.php?id=儿童拼音)
  源 B: [00000] B站-儿童硬笔(T4) (https://catbox.n13.club/t9/bili.php?id=儿童硬笔)

【相似度 81.8%】序号 447
  源 A: [00000] B站-儿童思维(T4) (https://catbox.n13.club/t9/bili.php?id=儿童思维)
  源 B: [00000] B站-儿童硬笔(T4) (https://catbox.n13.club/t9/bili.php?id=儿童硬笔)

【相似度 81.8%】序号 448
  源 A: [apple] 影视 | 荐片[js] (./ext/drpy2.min.js)
  源 B: [gaotianliuyun] 影视 | 快看[js] (./lib/drpy2.min.js)

【相似度 81.8%】序号 449
  源 A: [apple] 影视 | 荐片[js] (./ext/drpy2.min.js)
  源 B: [gaotianliuyun] 影视 | 爱看[js] (./lib/drpy2.min.js)

【相似度 81.8%】序号 450
  源 A: [apple] 影视 | 荐片[js] (./ext/drpy2.min.js)
  源 B: [gaotianliuyun] 影视 | 低端[js] (./lib/drpy2.min.js)

【相似度 81.8%】序号 451
  源 A: [apple] 影视 | 荐片[js] (./ext/drpy2.min.js)
  源 B: [gaotianliuyun] 影视 | 玄天[js] (./lib/drpy2.min.js)

【相似度 81.5%】序号 452
  源 A: [gaotianliuyun] 弹幕 | 影视分享[jar] (csp_AliShare)
  源 B: [gaotianliuyun] 弹幕 | 新视觉[jar] (csp_Xinshijue)

【相似度 81.5%】序号 453
  源 A: [gaotianliuyun] 网盘 | TG搜索[jar] (csp_TGYunPan)
  源 B: [gaotianliuyun] 网盘 | 皮卡搜[jar] (csp_PikaSo)

【相似度 81.5%】序号 454
  源 A: [gaotianliuyun] 网盘 | TG搜索[jar] (csp_TGYunPan)
  源 B: [gaotianliuyun] 网盘 | 大盘搜[jar] (csp_DaPanSo)

【相似度 81.5%】序号 455
  源 A: [gaotianliuyun] 网盘 | 88网盘[jar] (csp_EightEight)
  源 B: [gaotianliuyun] 网盘 | 混合盘[jar] (csp_HunHePan)

【相似度 81.5%】序号 456
  源 A: [gaotianliuyun] 网盘 | 88网盘[jar] (csp_EightEight)
  源 B: [gaotianliuyun] 网盘 | 大盘搜[jar] (csp_DaPanSo)

【相似度 81.5%】序号 457
  源 A: [gaotianliuyun] 阿里 | 盤搜索[jar] (csp_PanSearch)
  源 B: [gaotianliuyun] 阿里 | up云搜[jar] (csp_UpYun)

【相似度 80.0%】序号 458
  源 A: 🦆鸭鸭资源 (https://cj.yayazy.net/api.php/provide/vod/from/yym3u8/at/xml)
  源 B: [我的] 鸭鸭资源2 (https://yayazy2.com/api.php/provide/vod/at/xml)

【相似度 80.0%】序号 459
  源 A: [王二小] 🐯‍虎牙┃直播🐯‍ (csp_LiveAiHuYaGuard)
  源 B: [饭太硬] 🐯虎牙┃直播 (./FTY/drpy2.min.js)

【相似度 80.0%】序号 460
  源 A: [王二小] 🐯‍虎牙┃直播🐯‍ (csp_LiveAiHuYaGuard)
  源 B: [1] 🐯虎牙┃直播 (https://gh-proxy.com/https://raw.githubusercontent.com/fantaiying7/EXT/refs/heads/main/drpy2.min.js)

【相似度 80.0%】序号 461
  源 A: [王二小] 🐯‍虎牙┃直播🐯‍ (csp_LiveAiHuYaGuard)
  源 B: [tvbox放飞] 🐯虎牙┃直播 (./lib/drpy2.min.js)

【相似度 80.0%】序号 462
  源 A: [王二小] 推送 (csp_PushGuard)
  源 B: [4k] 📽推送 (csp_PushAgent)

【相似度 80.0%】序号 463
  源 A: [俊哥接口] 南瓜影视 (csp_XBPQ)
  源 B: [金鹰] 🎃南瓜┃影视 (csp_NanGua)

【相似度 80.0%】序号 464
  源 A: [俊哥接口] 蓝光影院(XBPQ) (csp_XBPQ)
  源 B: [俊哥接口] 蓝光影院(XBiu) (csp_XBiu)

【相似度 80.0%】序号 465
  源 A: [饭太硬] 🐯虎牙┃直播 (./FTY/drpy2.min.js)
  源 B: [牛儿] 🐯‍虎牙┃直播🐯‍ (csp_WexNewHuYaGuard)

【相似度 80.0%】序号 466
  源 A: [饭太硬] 🐯虎牙┃直播 (./FTY/drpy2.min.js)
  源 B: [xiaolong69] 虎牙直播 (https://gh-proxy.com/https://raw.githubusercontent.com/xiaolong69/tv/main/spider/19/js/drpy2.min.js)

【相似度 80.0%】序号 467
  源 A: [饭太硬] 🐟斗鱼┃直播 (./FTY/drpy2.min.js)
  源 B: [xiaolong69] 斗鱼直播 (https://gh-proxy.com/https://raw.githubusercontent.com/xiaolong69/tv/main/spider/19/js/drpy2.min.js)

【相似度 80.0%】序号 468
  源 A: [饭太硬] 📚儿童┃启蒙 (./FTY/drpy2.min.js)
  源 B: [xiaolong69] 儿童启蒙 (https://gh-proxy.com/https://raw.githubusercontent.com/xiaolong69/tv/main/spider/19/js/drpy2.min.js)

【相似度 80.0%】序号 469
  源 A: [饭太硬] 🛴手机┃推送 (csp_PushGuard)
  源 B: [我] 手机推送 (csp_Push)

【相似度 80.0%】序号 470
  源 A: [宝盒接口] 体育┃十四 (csp_Kanqiu)
  源 B: [宝盒接口] 体育┃十五 (csp_GuaziTY)

【相似度 80.0%】序号 471
  源 A: [宝盒接口] 儿童📚启蒙 (https://gh-proxy.com/https://gh-proxy.net/https://raw.githubusercontent.com/fantaiying7/EXT/refs/heads/main/drpy2.min.js)
  源 B: [我] 儿童┃启蒙 (https://gh-proxy.com/https://ghp.ci/raw.githubusercontent.com/fantaiying7/EXT/refs/heads/main/drpy2.min.js)

【相似度 80.0%】序号 472
  源 A: [软件] 星阁｜短剧 (csp_XinggeDJ)
  源 B: [软件] 星芽｜短剧 (https://gh-proxy.com/https://git.yylx.win/raw.githubusercontent.com/PizazzGY/NewTVBox/main/movie/py/XYDJ.py)

【相似度 80.0%】序号 473
  源 A: [软件] 韩剧｜影视 (csp_XBPQ)
  源 B: [软件] 剧圈｜影视 (csp_XYQHiker)

【相似度 80.0%】序号 474
  源 A: [软件] 樱花｜动漫 (csp_XBPQ)
  源 B: [软件] 花子｜动漫 (https://file.zhangyichi.dev/uploads/695cb6347d0b1_1767683636.js)

【相似度 80.0%】序号 475
  源 A: [软件] 樱花｜动漫 (csp_XBPQ)
  源 B: [直播] 🌸樱花动漫 (csp_Ying)

【相似度 80.0%】序号 476
  源 A: [牛儿] 🐯‍虎牙┃直播🐯‍ (csp_WexNewHuYaGuard)
  源 B: [1] 🐯虎牙┃直播 (https://gh-proxy.com/https://raw.githubusercontent.com/fantaiying7/EXT/refs/heads/main/drpy2.min.js)

【相似度 80.0%】序号 477
  源 A: [牛儿] 🐯‍虎牙┃直播🐯‍ (csp_WexNewHuYaGuard)
  源 B: [tvbox放飞] 🐯虎牙┃直播 (./lib/drpy2.min.js)

【相似度 80.0%】序号 478
  源 A: [金鹰] 🔰金鹰┃影视 (https://jyzyapi.com/provide/vod)
  源 B: [5] 金鹰影视 (https://jyzyapi.com/provide/vod/from/jinyingm3u8/at/xml)

【相似度 80.0%】序号 479
  源 A: [金鹰] 🌱星芽┃短剧 (csp_AppXY)
  源 B: [00000] 星芽短剧 (https://catbox.n13.club/ai/星芽短剧.php)

【相似度 80.0%】序号 480
  源 A: [金鹰] 🆕非凡┃资源 (http://cj.ffzyapi.com/api.php/provide/vod)
  源 B: [我的] 非凡资源 (http://api.ffzyapi.com/api.php/provide/vod)

【相似度 80.0%】序号 481
  源 A: [5] 优酷 (https://gh-proxy.com/https://gh-proxy.org/https://raw.github.com/tly824/TvBoxx/master/js/drpy2.min.js)
  源 B: [noimank] 💥优酷 (https://gh-proxy.com/raw.githubusercontent.com/gaotianliuyun/gao/master/lib/drpy2.min.js)

【相似度 80.0%】序号 482
  源 A: [我] 厂长 (csp_NewCz)
  源 B: [直播] 🏭厂长 (csp_Czsapp)

【相似度 80.0%】序号 483
  源 A: [我] 厂长 (csp_NewCz)
  源 B: [noimank] 💕厂长 (csp_Czsapp)

【相似度 80.0%】序号 484
  源 A: [我] 厂长 (csp_NewCz)
  源 B: [noimank] 💥厂长 (https://www.agit.ai/fantaiying/dr_py/raw/branch/main/libs/drpy2.min.js)

【相似度 80.0%】序号 485
  源 A: [我] 日本动漫 (csp_Anime1)
  源 B: [1] 🐾日本┃动漫 (csp_Anime1Guard)

【相似度 80.0%】序号 486
  源 A: [apple] 电影天堂 (http://caiji.dyttzyapi.com/api.php/provide/vod/at/xml)
  源 B: [接口] 电影天堂影视 (csp_TvDy)

【相似度 80.0%】序号 487
  源 A: [apple] 555影视 (csp_XPathFilter)
  源 B: [接口] 555电影 (csp_W55Movie)

【相似度 80.0%】序号 488
  源 A: [1] 🐯虎牙┃直播 (https://gh-proxy.com/https://raw.githubusercontent.com/fantaiying7/EXT/refs/heads/main/drpy2.min.js)
  源 B: [xiaolong69] 虎牙直播 (https://gh-proxy.com/https://raw.githubusercontent.com/xiaolong69/tv/main/spider/19/js/drpy2.min.js)

【相似度 80.0%】序号 489
  源 A: [1] 🐟斗鱼┃直播 (https://gh-proxy.com/https://git.yylx.win/https://raw.githubusercontent.com/fantaiying7/EXT/refs/heads/main/drpy2.min.js)
  源 B: [xiaolong69] 斗鱼直播 (https://gh-proxy.com/https://raw.githubusercontent.com/xiaolong69/tv/main/spider/19/js/drpy2.min.js)

【相似度 80.0%】序号 490
  源 A: [1] 📚儿童┃启蒙 (https://gh-proxy.com/https://git.yylx.win/https://raw.githubusercontent.com/fantaiying7/EXT/refs/heads/main/drpy2.min.js)
  源 B: [xiaolong69] 儿童启蒙 (https://gh-proxy.com/https://raw.githubusercontent.com/xiaolong69/tv/main/spider/19/js/drpy2.min.js)

【相似度 80.0%】序号 491
  源 A: [zy] 🍏速播 (https://subocaiji.com/api.php/provide/vod)
  源 B: [okay] 速播 (https://subocj.com/api.php/provide/vod/from/subyun/at/json)

【相似度 80.0%】序号 492
  源 A: [zy] 🍏非凡 (https://cj.ffzyapi.com/api.php/provide/vod)
  源 B: [okay] 非凡 (http://api.ffzyapi.com/api.php/provide/vod/from/feifan/at/xml)

【相似度 80.0%】序号 493
  源 A: [zy] 🍏牛牛 (https://api.niuniuzy.me/api.php/provide/vod)
  源 B: [okay] 牛牛 (https://api.niuniuzy.me/api.php/provide/vod/from/nnm3u8/at/xml)

【相似度 80.0%】序号 494
  源 A: [tvbox放飞] 🐯虎牙┃直播 (./lib/drpy2.min.js)
  源 B: [xiaolong69] 虎牙直播 (https://gh-proxy.com/https://raw.githubusercontent.com/xiaolong69/tv/main/spider/19/js/drpy2.min.js)

【相似度 80.0%】序号 495
  源 A: [tvbox放飞] 🐟斗鱼┃直播 (./lib/drpy2.min.js)
  源 B: [xiaolong69] 斗鱼直播 (https://gh-proxy.com/https://raw.githubusercontent.com/xiaolong69/tv/main/spider/19/js/drpy2.min.js)

【相似度 80.0%】序号 496
  源 A: [tvbox放飞] 📚儿童┃启蒙 (./lib/drpy2.min.js)
  源 B: [xiaolong69] 儿童启蒙 (https://gh-proxy.com/https://raw.githubusercontent.com/xiaolong69/tv/main/spider/19/js/drpy2.min.js)

【相似度 80.0%】序号 497
  源 A: [我的] 豆瓣采集2 (https://caiji.dbzy5.com/api.php/provide/vod/from/dbm3u8/at/json)
  源 B: [我的] 豆瓣采集3 (https://caiji.dbzy5.com/api.php/provide/vod/at/json)

【相似度 80.0%】序号 498
  源 A: [noimank] 💕哔哩合集 (csp_Bili)
  源 B: [noimank] 💥哔哩合集 (https://www.agit.ai/fantaiying/dr_py/raw/branch/main/libs/drpy2.min.js)

【相似度 80.0%】序号 499
  源 A: [4k] 📽推送 (csp_PushAgent)
  源 B: [xiaolong69] 推送 (csp_Push)

【相似度 80.0%】序号 500
  源 A: [gaotianliuyun] 弹幕 | 荐片[jar] (csp_Jianpian)
  源 B: [gaotianliuyun] 弹幕 | 新视觉[jar] (csp_Xinshijue)

【相似度 80.0%】序号 501
  源 A: [gaotianliuyun] 弹幕 | 荐片[jar] (csp_Jianpian)
  源 B: [gaotianliuyun] 弹幕 | 不太灵[jar] (csp_Bt0)

【相似度 80.0%】序号 502
  源 A: [gaotianliuyun] 弹幕 | 荐片[jar] (csp_Jianpian)
  源 B: [gaotianliuyun] 弹幕 | 美剧迷[jar] (csp_Meijumi)

【相似度 80.0%】序号 503
  源 A: [gaotianliuyun] 弹幕 | 荐片[jar] (csp_Jianpian)
  源 B: [gaotianliuyun] 弹幕 | 皮皮虾[jar] (csp_Ppxzy)

【相似度 80.0%】序号 504
  源 A: [gaotianliuyun] 弹幕 | 荐片[jar] (csp_Jianpian)
  源 B: [gaotianliuyun] 弹幕 | 新6V[jar] (csp_Xb6v)

【相似度 80.0%】序号 505
  源 A: [gaotianliuyun] 弹幕 | 荐片[jar] (csp_Jianpian)
  源 B: [gaotianliuyun] 弹幕 | 盘Ta[jar] (csp_Panta)

【相似度 80.0%】序号 506
  源 A: [gaotianliuyun] 弹幕 | 荐片[jar] (csp_Jianpian)
  源 B: [gaotianliuyun] 弹幕 | 小盘盘[jar] (csp_Xpanpan)

【相似度 80.0%】序号 507
  源 A: [gaotianliuyun] 弹幕 | 荐片[jar] (csp_Jianpian)
  源 B: [gaotianliuyun] 弹幕 | 高清网[jar] (csp_Gaoqing)

【相似度 80.0%】序号 508
  源 A: [gaotianliuyun] 弹幕 | 荐片[jar] (csp_Jianpian)
  源 B: [gaotianliuyun] 弹幕 | 音范丝[jar] (csp_Gaoqing)

【相似度 80.0%】序号 509
  源 A: [gaotianliuyun] 弹幕 | 哔滴[jar] (csp_Bdys01)
  源 B: [gaotianliuyun] 弹幕 | 新视觉[jar] (csp_Xinshijue)

【相似度 80.0%】序号 510
  源 A: [gaotianliuyun] 弹幕 | 哔滴[jar] (csp_Bdys01)
  源 B: [gaotianliuyun] 弹幕 | 不太灵[jar] (csp_Bt0)

【相似度 80.0%】序号 511
  源 A: [gaotianliuyun] 弹幕 | 哔滴[jar] (csp_Bdys01)
  源 B: [gaotianliuyun] 弹幕 | 美剧迷[jar] (csp_Meijumi)

【相似度 80.0%】序号 512
  源 A: [gaotianliuyun] 弹幕 | 哔滴[jar] (csp_Bdys01)
  源 B: [gaotianliuyun] 弹幕 | 皮皮虾[jar] (csp_Ppxzy)

【相似度 80.0%】序号 513
  源 A: [gaotianliuyun] 弹幕 | 哔滴[jar] (csp_Bdys01)
  源 B: [gaotianliuyun] 弹幕 | 新6V[jar] (csp_Xb6v)

【相似度 80.0%】序号 514
  源 A: [gaotianliuyun] 弹幕 | 哔滴[jar] (csp_Bdys01)
  源 B: [gaotianliuyun] 弹幕 | 盘Ta[jar] (csp_Panta)

【相似度 80.0%】序号 515
  源 A: [gaotianliuyun] 弹幕 | 哔滴[jar] (csp_Bdys01)
  源 B: [gaotianliuyun] 弹幕 | 小盘盘[jar] (csp_Xpanpan)

【相似度 80.0%】序号 516
  源 A: [gaotianliuyun] 弹幕 | 哔滴[jar] (csp_Bdys01)
  源 B: [gaotianliuyun] 弹幕 | 高清网[jar] (csp_Gaoqing)

【相似度 80.0%】序号 517
  源 A: [gaotianliuyun] 弹幕 | 哔滴[jar] (csp_Bdys01)
  源 B: [gaotianliuyun] 弹幕 | 音范丝[jar] (csp_Gaoqing)

【相似度 80.0%】序号 518
  源 A: [gaotianliuyun] 弹幕 | 天天[jar] (csp_TTian)
  源 B: [gaotianliuyun] 弹幕 | 新视觉[jar] (csp_Xinshijue)

【相似度 80.0%】序号 519
  源 A: [gaotianliuyun] 弹幕 | 天天[jar] (csp_TTian)
  源 B: [gaotianliuyun] 弹幕 | 不太灵[jar] (csp_Bt0)

【相似度 80.0%】序号 520
  源 A: [gaotianliuyun] 弹幕 | 天天[jar] (csp_TTian)
  源 B: [gaotianliuyun] 弹幕 | 美剧迷[jar] (csp_Meijumi)

【相似度 80.0%】序号 521
  源 A: [gaotianliuyun] 弹幕 | 天天[jar] (csp_TTian)
  源 B: [gaotianliuyun] 弹幕 | 皮皮虾[jar] (csp_Ppxzy)

【相似度 80.0%】序号 522
  源 A: [gaotianliuyun] 弹幕 | 天天[jar] (csp_TTian)
  源 B: [gaotianliuyun] 弹幕 | 新6V[jar] (csp_Xb6v)

【相似度 80.0%】序号 523
  源 A: [gaotianliuyun] 弹幕 | 天天[jar] (csp_TTian)
  源 B: [gaotianliuyun] 弹幕 | 盘Ta[jar] (csp_Panta)

【相似度 80.0%】序号 524
  源 A: [gaotianliuyun] 弹幕 | 天天[jar] (csp_TTian)
  源 B: [gaotianliuyun] 弹幕 | 小盘盘[jar] (csp_Xpanpan)

【相似度 80.0%】序号 525
  源 A: [gaotianliuyun] 弹幕 | 天天[jar] (csp_TTian)
  源 B: [gaotianliuyun] 弹幕 | 高清网[jar] (csp_Gaoqing)

【相似度 80.0%】序号 526
  源 A: [gaotianliuyun] 弹幕 | 天天[jar] (csp_TTian)
  源 B: [gaotianliuyun] 弹幕 | 音范丝[jar] (csp_Gaoqing)

【相似度 80.0%】序号 527
  源 A: [gaotianliuyun] 弹幕 | 追剧[jar] (csp_TTian)
  源 B: [gaotianliuyun] 弹幕 | 新视觉[jar] (csp_Xinshijue)

【相似度 80.0%】序号 528
  源 A: [gaotianliuyun] 弹幕 | 追剧[jar] (csp_TTian)
  源 B: [gaotianliuyun] 弹幕 | 不太灵[jar] (csp_Bt0)

【相似度 80.0%】序号 529
  源 A: [gaotianliuyun] 弹幕 | 追剧[jar] (csp_TTian)
  源 B: [gaotianliuyun] 弹幕 | 皮皮虾[jar] (csp_Ppxzy)

【相似度 80.0%】序号 530
  源 A: [gaotianliuyun] 弹幕 | 追剧[jar] (csp_TTian)
  源 B: [gaotianliuyun] 弹幕 | 新6V[jar] (csp_Xb6v)

【相似度 80.0%】序号 531
  源 A: [gaotianliuyun] 弹幕 | 追剧[jar] (csp_TTian)
  源 B: [gaotianliuyun] 弹幕 | 盘Ta[jar] (csp_Panta)

【相似度 80.0%】序号 532
  源 A: [gaotianliuyun] 弹幕 | 追剧[jar] (csp_TTian)
  源 B: [gaotianliuyun] 弹幕 | 小盘盘[jar] (csp_Xpanpan)

【相似度 80.0%】序号 533
  源 A: [gaotianliuyun] 弹幕 | 追剧[jar] (csp_TTian)
  源 B: [gaotianliuyun] 弹幕 | 高清网[jar] (csp_Gaoqing)

【相似度 80.0%】序号 534
  源 A: [gaotianliuyun] 弹幕 | 追剧[jar] (csp_TTian)
  源 B: [gaotianliuyun] 弹幕 | 音范丝[jar] (csp_Gaoqing)

【相似度 80.0%】序号 535
  源 A: [gaotianliuyun] 弹幕 | 南瓜[jar] (csp_NanGua)
  源 B: [gaotianliuyun] 弹幕 | 新视觉[jar] (csp_Xinshijue)

【相似度 80.0%】序号 536
  源 A: [gaotianliuyun] 弹幕 | 南瓜[jar] (csp_NanGua)
  源 B: [gaotianliuyun] 弹幕 | 不太灵[jar] (csp_Bt0)

【相似度 80.0%】序号 537
  源 A: [gaotianliuyun] 弹幕 | 南瓜[jar] (csp_NanGua)
  源 B: [gaotianliuyun] 弹幕 | 美剧迷[jar] (csp_Meijumi)

【相似度 80.0%】序号 538
  源 A: [gaotianliuyun] 弹幕 | 南瓜[jar] (csp_NanGua)
  源 B: [gaotianliuyun] 弹幕 | 皮皮虾[jar] (csp_Ppxzy)

【相似度 80.0%】序号 539
  源 A: [gaotianliuyun] 弹幕 | 南瓜[jar] (csp_NanGua)
  源 B: [gaotianliuyun] 弹幕 | 新6V[jar] (csp_Xb6v)

【相似度 80.0%】序号 540
  源 A: [gaotianliuyun] 弹幕 | 南瓜[jar] (csp_NanGua)
  源 B: [gaotianliuyun] 弹幕 | 盘Ta[jar] (csp_Panta)

【相似度 80.0%】序号 541
  源 A: [gaotianliuyun] 弹幕 | 南瓜[jar] (csp_NanGua)
  源 B: [gaotianliuyun] 弹幕 | 小盘盘[jar] (csp_Xpanpan)

【相似度 80.0%】序号 542
  源 A: [gaotianliuyun] 弹幕 | 南瓜[jar] (csp_NanGua)
  源 B: [gaotianliuyun] 弹幕 | 高清网[jar] (csp_Gaoqing)

【相似度 80.0%】序号 543
  源 A: [gaotianliuyun] 弹幕 | 南瓜[jar] (csp_NanGua)
  源 B: [gaotianliuyun] 弹幕 | 音范丝[jar] (csp_Gaoqing)

【相似度 80.0%】序号 544
  源 A: [gaotianliuyun] 弹幕 | 玩偶[jar] (csp_Wogg)
  源 B: [gaotianliuyun] 弹幕 | 新视觉[jar] (csp_Xinshijue)

【相似度 80.0%】序号 545
  源 A: [gaotianliuyun] 弹幕 | 玩偶[jar] (csp_Wogg)
  源 B: [gaotianliuyun] 弹幕 | 不太灵[jar] (csp_Bt0)

【相似度 80.0%】序号 546
  源 A: [gaotianliuyun] 弹幕 | 玩偶[jar] (csp_Wogg)
  源 B: [gaotianliuyun] 弹幕 | 美剧迷[jar] (csp_Meijumi)

【相似度 80.0%】序号 547
  源 A: [gaotianliuyun] 弹幕 | 玩偶[jar] (csp_Wogg)
  源 B: [gaotianliuyun] 弹幕 | 皮皮虾[jar] (csp_Ppxzy)

【相似度 80.0%】序号 548
  源 A: [gaotianliuyun] 弹幕 | 玩偶[jar] (csp_Wogg)
  源 B: [gaotianliuyun] 弹幕 | 新6V[jar] (csp_Xb6v)

【相似度 80.0%】序号 549
  源 A: [gaotianliuyun] 弹幕 | 玩偶[jar] (csp_Wogg)
  源 B: [gaotianliuyun] 弹幕 | 盘Ta[jar] (csp_Panta)

【相似度 80.0%】序号 550
  源 A: [gaotianliuyun] 弹幕 | 玩偶[jar] (csp_Wogg)
  源 B: [gaotianliuyun] 弹幕 | 小盘盘[jar] (csp_Xpanpan)

【相似度 80.0%】序号 551
  源 A: [gaotianliuyun] 弹幕 | 玩偶[jar] (csp_Wogg)
  源 B: [gaotianliuyun] 弹幕 | 高清网[jar] (csp_Gaoqing)

【相似度 80.0%】序号 552
  源 A: [gaotianliuyun] 弹幕 | 玩偶[jar] (csp_Wogg)
  源 B: [gaotianliuyun] 弹幕 | 音范丝[jar] (csp_Gaoqing)

【相似度 80.0%】序号 553
  源 A: [gaotianliuyun] 弹幕 | 表哥[jar] (csp_Wobg)
  源 B: [gaotianliuyun] 弹幕 | 新视觉[jar] (csp_Xinshijue)

【相似度 80.0%】序号 554
  源 A: [gaotianliuyun] 弹幕 | 表哥[jar] (csp_Wobg)
  源 B: [gaotianliuyun] 弹幕 | 不太灵[jar] (csp_Bt0)

【相似度 80.0%】序号 555
  源 A: [gaotianliuyun] 弹幕 | 表哥[jar] (csp_Wobg)
  源 B: [gaotianliuyun] 弹幕 | 美剧迷[jar] (csp_Meijumi)

【相似度 80.0%】序号 556
  源 A: [gaotianliuyun] 弹幕 | 表哥[jar] (csp_Wobg)
  源 B: [gaotianliuyun] 弹幕 | 皮皮虾[jar] (csp_Ppxzy)

【相似度 80.0%】序号 557
  源 A: [gaotianliuyun] 弹幕 | 表哥[jar] (csp_Wobg)
  源 B: [gaotianliuyun] 弹幕 | 新6V[jar] (csp_Xb6v)

【相似度 80.0%】序号 558
  源 A: [gaotianliuyun] 弹幕 | 表哥[jar] (csp_Wobg)
  源 B: [gaotianliuyun] 弹幕 | 盘Ta[jar] (csp_Panta)

【相似度 80.0%】序号 559
  源 A: [gaotianliuyun] 弹幕 | 表哥[jar] (csp_Wobg)
  源 B: [gaotianliuyun] 弹幕 | 小盘盘[jar] (csp_Xpanpan)

【相似度 80.0%】序号 560
  源 A: [gaotianliuyun] 弹幕 | 表哥[jar] (csp_Wobg)
  源 B: [gaotianliuyun] 弹幕 | 高清网[jar] (csp_Gaoqing)

【相似度 80.0%】序号 561
  源 A: [gaotianliuyun] 弹幕 | 表哥[jar] (csp_Wobg)
  源 B: [gaotianliuyun] 弹幕 | 音范丝[jar] (csp_Gaoqing)

【相似度 80.0%】序号 562
  源 A: [gaotianliuyun] 弹幕 | 老哥[jar] (csp_Wobg)
  源 B: [gaotianliuyun] 弹幕 | 新视觉[jar] (csp_Xinshijue)

【相似度 80.0%】序号 563
  源 A: [gaotianliuyun] 弹幕 | 老哥[jar] (csp_Wobg)
  源 B: [gaotianliuyun] 弹幕 | 不太灵[jar] (csp_Bt0)

【相似度 80.0%】序号 564
  源 A: [gaotianliuyun] 弹幕 | 老哥[jar] (csp_Wobg)
  源 B: [gaotianliuyun] 弹幕 | 美剧迷[jar] (csp_Meijumi)

【相似度 80.0%】序号 565
  源 A: [gaotianliuyun] 弹幕 | 老哥[jar] (csp_Wobg)
  源 B: [gaotianliuyun] 弹幕 | 皮皮虾[jar] (csp_Ppxzy)

【相似度 80.0%】序号 566
  源 A: [gaotianliuyun] 弹幕 | 老哥[jar] (csp_Wobg)
  源 B: [gaotianliuyun] 弹幕 | 新6V[jar] (csp_Xb6v)

【相似度 80.0%】序号 567
  源 A: [gaotianliuyun] 弹幕 | 老哥[jar] (csp_Wobg)
  源 B: [gaotianliuyun] 弹幕 | 盘Ta[jar] (csp_Panta)

【相似度 80.0%】序号 568
  源 A: [gaotianliuyun] 弹幕 | 老哥[jar] (csp_Wobg)
  源 B: [gaotianliuyun] 弹幕 | 小盘盘[jar] (csp_Xpanpan)

【相似度 80.0%】序号 569
  源 A: [gaotianliuyun] 弹幕 | 老哥[jar] (csp_Wobg)
  源 B: [gaotianliuyun] 弹幕 | 高清网[jar] (csp_Gaoqing)

【相似度 80.0%】序号 570
  源 A: [gaotianliuyun] 弹幕 | 老哥[jar] (csp_Wobg)
  源 B: [gaotianliuyun] 弹幕 | 音范丝[jar] (csp_Gaoqing)

【相似度 80.0%】序号 571
  源 A: [gaotianliuyun] 弹幕 | 蜡笔[jar] (csp_Wobg)
  源 B: [gaotianliuyun] 弹幕 | 新视觉[jar] (csp_Xinshijue)

【相似度 80.0%】序号 572
  源 A: [gaotianliuyun] 弹幕 | 蜡笔[jar] (csp_Wobg)
  源 B: [gaotianliuyun] 弹幕 | 不太灵[jar] (csp_Bt0)

【相似度 80.0%】序号 573
  源 A: [gaotianliuyun] 弹幕 | 蜡笔[jar] (csp_Wobg)
  源 B: [gaotianliuyun] 弹幕 | 美剧迷[jar] (csp_Meijumi)

【相似度 80.0%】序号 574
  源 A: [gaotianliuyun] 弹幕 | 蜡笔[jar] (csp_Wobg)
  源 B: [gaotianliuyun] 弹幕 | 皮皮虾[jar] (csp_Ppxzy)

【相似度 80.0%】序号 575
  源 A: [gaotianliuyun] 弹幕 | 蜡笔[jar] (csp_Wobg)
  源 B: [gaotianliuyun] 弹幕 | 新6V[jar] (csp_Xb6v)

【相似度 80.0%】序号 576
  源 A: [gaotianliuyun] 弹幕 | 蜡笔[jar] (csp_Wobg)
  源 B: [gaotianliuyun] 弹幕 | 盘Ta[jar] (csp_Panta)

【相似度 80.0%】序号 577
  源 A: [gaotianliuyun] 弹幕 | 蜡笔[jar] (csp_Wobg)
  源 B: [gaotianliuyun] 弹幕 | 小盘盘[jar] (csp_Xpanpan)

【相似度 80.0%】序号 578
  源 A: [gaotianliuyun] 弹幕 | 蜡笔[jar] (csp_Wobg)
  源 B: [gaotianliuyun] 弹幕 | 高清网[jar] (csp_Gaoqing)

【相似度 80.0%】序号 579
  源 A: [gaotianliuyun] 弹幕 | 蜡笔[jar] (csp_Wobg)
  源 B: [gaotianliuyun] 弹幕 | 音范丝[jar] (csp_Gaoqing)

【相似度 80.0%】序号 580
  源 A: [gaotianliuyun] 网盘 | 土豆[jar] (csp_Wobg)
  源 B: [gaotianliuyun] 网盘 | 皮卡搜[jar] (csp_PikaSo)

【相似度 80.0%】序号 581
  源 A: [gaotianliuyun] 网盘 | 土豆[jar] (csp_Wobg)
  源 B: [gaotianliuyun] 网盘 | 混合盘[jar] (csp_HunHePan)

【相似度 80.0%】序号 582
  源 A: [gaotianliuyun] 网盘 | 土豆[jar] (csp_Wobg)
  源 B: [gaotianliuyun] 网盘 | 大盘搜[jar] (csp_DaPanSo)

【相似度 80.0%】序号 583
  源 A: [gaotianliuyun] 网盘 | 小米[jar] (csp_Wobg)
  源 B: [gaotianliuyun] 网盘 | 皮卡搜[jar] (csp_PikaSo)

【相似度 80.0%】序号 584
  源 A: [gaotianliuyun] 网盘 | 小米[jar] (csp_Wobg)
  源 B: [gaotianliuyun] 网盘 | 混合盘[jar] (csp_HunHePan)

【相似度 80.0%】序号 585
  源 A: [gaotianliuyun] 网盘 | 小米[jar] (csp_Wobg)
  源 B: [gaotianliuyun] 网盘 | 大盘搜[jar] (csp_DaPanSo)

【相似度 80.0%】序号 586
  源 A: [gaotianliuyun] 弹幕 | 新视觉[jar] (csp_Xinshijue)
  源 B: [gaotianliuyun] 弹幕 | 低端[jar] (csp_Ddys)

【相似度 80.0%】序号 587
  源 A: [gaotianliuyun] 弹幕 | 新视觉[jar] (csp_Xinshijue)
  源 B: [gaotianliuyun] 弹幕 | 校长[jar] (csp_XiaoZhang)

【相似度 80.0%】序号 588
  源 A: [gaotianliuyun] 弹幕 | 新视觉[jar] (csp_Xinshijue)
  源 B: [gaotianliuyun] 弹幕 | 团长[jar] (csp_TZFile)

【相似度 80.0%】序号 589
  源 A: [gaotianliuyun] 弹幕 | 新视觉[jar] (csp_Xinshijue)
  源 B: [gaotianliuyun] 弹幕 | 影巢[jar] (csp_Hdh)

【相似度 80.0%】序号 590
  源 A: [gaotianliuyun] 弹幕 | 新视觉[jar] (csp_Xinshijue)
  源 B: [gaotianliuyun] 弹幕 | 云盘[jar] (csp_YunPan)

【相似度 80.0%】序号 591
  源 A: [gaotianliuyun] 弹幕 | 不太灵[jar] (csp_Bt0)
  源 B: [gaotianliuyun] 弹幕 | 低端[jar] (csp_Ddys)

【相似度 80.0%】序号 592
  源 A: [gaotianliuyun] 弹幕 | 不太灵[jar] (csp_Bt0)
  源 B: [gaotianliuyun] 弹幕 | 校长[jar] (csp_XiaoZhang)

【相似度 80.0%】序号 593
  源 A: [gaotianliuyun] 弹幕 | 不太灵[jar] (csp_Bt0)
  源 B: [gaotianliuyun] 弹幕 | 团长[jar] (csp_TZFile)

【相似度 80.0%】序号 594
  源 A: [gaotianliuyun] 弹幕 | 不太灵[jar] (csp_Bt0)
  源 B: [gaotianliuyun] 弹幕 | 影巢[jar] (csp_Hdh)

【相似度 80.0%】序号 595
  源 A: [gaotianliuyun] 弹幕 | 不太灵[jar] (csp_Bt0)
  源 B: [gaotianliuyun] 弹幕 | 云盘[jar] (csp_YunPan)

【相似度 80.0%】序号 596
  源 A: [gaotianliuyun] 弹幕 | 低端[jar] (csp_Ddys)
  源 B: [gaotianliuyun] 弹幕 | 美剧迷[jar] (csp_Meijumi)

【相似度 80.0%】序号 597
  源 A: [gaotianliuyun] 弹幕 | 低端[jar] (csp_Ddys)
  源 B: [gaotianliuyun] 弹幕 | 皮皮虾[jar] (csp_Ppxzy)

【相似度 80.0%】序号 598
  源 A: [gaotianliuyun] 弹幕 | 低端[jar] (csp_Ddys)
  源 B: [gaotianliuyun] 弹幕 | 新6V[jar] (csp_Xb6v)

【相似度 80.0%】序号 599
  源 A: [gaotianliuyun] 弹幕 | 低端[jar] (csp_Ddys)
  源 B: [gaotianliuyun] 弹幕 | 盘Ta[jar] (csp_Panta)

【相似度 80.0%】序号 600
  源 A: [gaotianliuyun] 弹幕 | 低端[jar] (csp_Ddys)
  源 B: [gaotianliuyun] 弹幕 | 小盘盘[jar] (csp_Xpanpan)

【相似度 80.0%】序号 601
  源 A: [gaotianliuyun] 弹幕 | 低端[jar] (csp_Ddys)
  源 B: [gaotianliuyun] 弹幕 | 高清网[jar] (csp_Gaoqing)

【相似度 80.0%】序号 602
  源 A: [gaotianliuyun] 弹幕 | 低端[jar] (csp_Ddys)
  源 B: [gaotianliuyun] 弹幕 | 音范丝[jar] (csp_Gaoqing)

【相似度 80.0%】序号 603
  源 A: [gaotianliuyun] 弹幕 | 美剧迷[jar] (csp_Meijumi)
  源 B: [gaotianliuyun] 弹幕 | 校长[jar] (csp_XiaoZhang)

【相似度 80.0%】序号 604
  源 A: [gaotianliuyun] 弹幕 | 美剧迷[jar] (csp_Meijumi)
  源 B: [gaotianliuyun] 弹幕 | 团长[jar] (csp_TZFile)

【相似度 80.0%】序号 605
  源 A: [gaotianliuyun] 弹幕 | 美剧迷[jar] (csp_Meijumi)
  源 B: [gaotianliuyun] 弹幕 | 影巢[jar] (csp_Hdh)

【相似度 80.0%】序号 606
  源 A: [gaotianliuyun] 弹幕 | 美剧迷[jar] (csp_Meijumi)
  源 B: [gaotianliuyun] 弹幕 | 云盘[jar] (csp_YunPan)

【相似度 80.0%】序号 607
  源 A: [gaotianliuyun] 弹幕 | 皮皮虾[jar] (csp_Ppxzy)
  源 B: [gaotianliuyun] 弹幕 | 校长[jar] (csp_XiaoZhang)

【相似度 80.0%】序号 608
  源 A: [gaotianliuyun] 弹幕 | 皮皮虾[jar] (csp_Ppxzy)
  源 B: [gaotianliuyun] 弹幕 | 团长[jar] (csp_TZFile)

【相似度 80.0%】序号 609
  源 A: [gaotianliuyun] 弹幕 | 皮皮虾[jar] (csp_Ppxzy)
  源 B: [gaotianliuyun] 弹幕 | 影巢[jar] (csp_Hdh)

【相似度 80.0%】序号 610
  源 A: [gaotianliuyun] 弹幕 | 皮皮虾[jar] (csp_Ppxzy)
  源 B: [gaotianliuyun] 弹幕 | 云盘[jar] (csp_YunPan)

【相似度 80.0%】序号 611
  源 A: [gaotianliuyun] 弹幕 | 新6V[jar] (csp_Xb6v)
  源 B: [gaotianliuyun] 弹幕 | 校长[jar] (csp_XiaoZhang)

【相似度 80.0%】序号 612
  源 A: [gaotianliuyun] 弹幕 | 新6V[jar] (csp_Xb6v)
  源 B: [gaotianliuyun] 弹幕 | 团长[jar] (csp_TZFile)

【相似度 80.0%】序号 613
  源 A: [gaotianliuyun] 弹幕 | 新6V[jar] (csp_Xb6v)
  源 B: [gaotianliuyun] 弹幕 | 影巢[jar] (csp_Hdh)

【相似度 80.0%】序号 614
  源 A: [gaotianliuyun] 弹幕 | 新6V[jar] (csp_Xb6v)
  源 B: [gaotianliuyun] 弹幕 | 云盘[jar] (csp_YunPan)

【相似度 80.0%】序号 615
  源 A: [gaotianliuyun] 弹幕 | 校长[jar] (csp_XiaoZhang)
  源 B: [gaotianliuyun] 弹幕 | 盘Ta[jar] (csp_Panta)

【相似度 80.0%】序号 616
  源 A: [gaotianliuyun] 弹幕 | 校长[jar] (csp_XiaoZhang)
  源 B: [gaotianliuyun] 弹幕 | 小盘盘[jar] (csp_Xpanpan)

【相似度 80.0%】序号 617
  源 A: [gaotianliuyun] 弹幕 | 校长[jar] (csp_XiaoZhang)
  源 B: [gaotianliuyun] 弹幕 | 高清网[jar] (csp_Gaoqing)

【相似度 80.0%】序号 618
  源 A: [gaotianliuyun] 弹幕 | 校长[jar] (csp_XiaoZhang)
  源 B: [gaotianliuyun] 弹幕 | 音范丝[jar] (csp_Gaoqing)

【相似度 80.0%】序号 619
  源 A: [gaotianliuyun] 弹幕 | 团长[jar] (csp_TZFile)
  源 B: [gaotianliuyun] 弹幕 | 盘Ta[jar] (csp_Panta)

【相似度 80.0%】序号 620
  源 A: [gaotianliuyun] 弹幕 | 团长[jar] (csp_TZFile)
  源 B: [gaotianliuyun] 弹幕 | 小盘盘[jar] (csp_Xpanpan)

【相似度 80.0%】序号 621
  源 A: [gaotianliuyun] 弹幕 | 团长[jar] (csp_TZFile)
  源 B: [gaotianliuyun] 弹幕 | 高清网[jar] (csp_Gaoqing)

【相似度 80.0%】序号 622
  源 A: [gaotianliuyun] 弹幕 | 团长[jar] (csp_TZFile)
  源 B: [gaotianliuyun] 弹幕 | 音范丝[jar] (csp_Gaoqing)

【相似度 80.0%】序号 623
  源 A: [gaotianliuyun] 弹幕 | 影巢[jar] (csp_Hdh)
  源 B: [gaotianliuyun] 弹幕 | 盘Ta[jar] (csp_Panta)

【相似度 80.0%】序号 624
  源 A: [gaotianliuyun] 弹幕 | 影巢[jar] (csp_Hdh)
  源 B: [gaotianliuyun] 弹幕 | 小盘盘[jar] (csp_Xpanpan)

【相似度 80.0%】序号 625
  源 A: [gaotianliuyun] 弹幕 | 影巢[jar] (csp_Hdh)
  源 B: [gaotianliuyun] 弹幕 | 高清网[jar] (csp_Gaoqing)

【相似度 80.0%】序号 626
  源 A: [gaotianliuyun] 弹幕 | 影巢[jar] (csp_Hdh)
  源 B: [gaotianliuyun] 弹幕 | 音范丝[jar] (csp_Gaoqing)

【相似度 80.0%】序号 627
  源 A: [gaotianliuyun] 弹幕 | 云盘[jar] (csp_YunPan)
  源 B: [gaotianliuyun] 弹幕 | 高清网[jar] (csp_Gaoqing)

【相似度 80.0%】序号 628
  源 A: [gaotianliuyun] 弹幕 | 云盘[jar] (csp_YunPan)
  源 B: [gaotianliuyun] 弹幕 | 音范丝[jar] (csp_Gaoqing)

【相似度 80.0%】序号 629
  源 A: [gaotianliuyun] 网盘 | 皮卡搜[jar] (csp_PikaSo)
  源 B: [gaotianliuyun] 网盘 | 千帆[jar] (csp_Qianfan)

【相似度 80.0%】序号 630
  源 A: [gaotianliuyun] 网盘 | 皮卡搜[jar] (csp_PikaSo)
  源 B: [gaotianliuyun] 网盘 | 小云[jar] (csp_YunSo)

【相似度 80.0%】序号 631
  源 A: [gaotianliuyun] 网盘 | 皮卡搜[jar] (csp_PikaSo)
  源 B: [gaotianliuyun] 网盘 | 云盘[jar] (csp_YunPanOne)

【相似度 80.0%】序号 632
  源 A: [gaotianliuyun] 网盘 | 混合盘[jar] (csp_HunHePan)
  源 B: [gaotianliuyun] 网盘 | 秒搜[jar] (csp_MiaoSou)

【相似度 80.0%】序号 633
  源 A: [gaotianliuyun] 网盘 | 混合盘[jar] (csp_HunHePan)
  源 B: [gaotianliuyun] 网盘 | 千帆[jar] (csp_Qianfan)

【相似度 80.0%】序号 634
  源 A: [gaotianliuyun] 网盘 | 混合盘[jar] (csp_HunHePan)
  源 B: [gaotianliuyun] 网盘 | 小云[jar] (csp_YunSo)

【相似度 80.0%】序号 635
  源 A: [gaotianliuyun] 网盘 | 大盘搜[jar] (csp_DaPanSo)
  源 B: [gaotianliuyun] 网盘 | 千帆[jar] (csp_Qianfan)

【相似度 80.0%】序号 636
  源 A: [gaotianliuyun] 网盘 | 大盘搜[jar] (csp_DaPanSo)
  源 B: [gaotianliuyun] 网盘 | 小云[jar] (csp_YunSo)

【相似度 80.0%】序号 637
  源 A: [gaotianliuyun] 网盘 | 大盘搜[jar] (csp_DaPanSo)
  源 B: [gaotianliuyun] 阿里 | 盘搜[jar] (csp_PanSou)

【相似度 80.0%】序号 638
  源 A: [gaotianliuyun] 网盘 | 大盘搜[jar] (csp_DaPanSo)
  源 B: [gaotianliuyun] 夸克 | 盘搜[jar] (csp_QuarkPanso)

【相似度 80.0%】序号 639
  源 A: [gaotianliuyun] 阿里 | 纸条[jar] (csp_Gitcafe)
  源 B: [gaotianliuyun] 阿里 | 小紙條[jar] (csp_XiaoZhiTiao)

【相似度 80.0%】序号 640
  源 A: [gaotianliuyun] 阿里 | 纸条[jar] (csp_Gitcafe)
  源 B: [gaotianliuyun] 阿里 | 盤搜索[jar] (csp_PanSearch)

【相似度 80.0%】序号 641
  源 A: [gaotianliuyun] 阿里 | 纸条[jar] (csp_Gitcafe)
  源 B: [gaotianliuyun] 阿里 | 找資源[jar] (csp_Zhaozy)

【相似度 80.0%】序号 642
  源 A: [gaotianliuyun] 阿里 | 小紙條[jar] (csp_XiaoZhiTiao)
  源 B: [gaotianliuyun] 阿里 | 七夜[jar] (csp_Dovx)

【相似度 80.0%】序号 643
  源 A: [gaotianliuyun] 阿里 | 小紙條[jar] (csp_XiaoZhiTiao)
  源 B: [gaotianliuyun] 阿里 | 易搜[jar] (csp_YiSo)

【相似度 80.0%】序号 644
  源 A: [gaotianliuyun] 阿里 | 小紙條[jar] (csp_XiaoZhiTiao)
  源 B: [gaotianliuyun] 阿里 | 盘搜[jar] (csp_PanSou)

【相似度 80.0%】序号 645
  源 A: [gaotianliuyun] 阿里 | 七夜[jar] (csp_Dovx)
  源 B: [gaotianliuyun] 阿里 | 盤搜索[jar] (csp_PanSearch)

【相似度 80.0%】序号 646
  源 A: [gaotianliuyun] 阿里 | 七夜[jar] (csp_Dovx)
  源 B: [gaotianliuyun] 阿里 | 找資源[jar] (csp_Zhaozy)

【相似度 80.0%】序号 647
  源 A: [gaotianliuyun] 阿里 | 找資源[jar] (csp_Zhaozy)
  源 B: [gaotianliuyun] 阿里 | 易搜[jar] (csp_YiSo)

【相似度 80.0%】序号 648
  源 A: [gaotianliuyun] 阿里 | 找資源[jar] (csp_Zhaozy)
  源 B: [gaotianliuyun] 阿里 | 盘搜[jar] (csp_PanSou)

【相似度 78.3%】序号 649
  源 A: [apple] 影视 | 荐片[js] (./ext/drpy2.min.js)
  源 B: [gaotianliuyun] 影视 | 热播库[js] (./lib/drpy2.min.js)

【相似度 78.3%】序号 650
  源 A: [apple] 影视 | 荐片[js] (./ext/drpy2.min.js)
  源 B: [gaotianliuyun] 影视 | 蛋蛋剧[js] (./lib/drpy2.min.js)

【相似度 78.3%】序号 651
  源 A: [apple] 影视 | 荐片[js] (./ext/drpy2.min.js)
  源 B: [gaotianliuyun] 影视 | 18哈[js] (./lib/drpy2.min.js)

【相似度 78.3%】序号 652
  源 A: [apple] 影视 | 荐片[js] (./ext/drpy2.min.js)
  源 B: [gaotianliuyun] 影视 | 达达龟[js] (./lib/drpy2.min.js)

【相似度 78.3%】序号 653
  源 A: [apple] 影视 | 荐片[js] (./ext/drpy2.min.js)
  源 B: [gaotianliuyun] 影视 | 蛋蛋赞[js] (./lib/drpy2.min.js)

【相似度 78.3%】序号 654
  源 A: [apple] 影视 | 荐片[js] (./ext/drpy2.min.js)
  源 B: [gaotianliuyun] 影视 | 看韩剧[js] (./lib/drpy2.min.js)

【相似度 78.3%】序号 655
  源 A: [apple] 影视 | 荐片[js] (./ext/drpy2.min.js)
  源 B: [gaotianliuyun] 影视 | 看了么[js] (./lib/drpy2.min.js)

【相似度 78.3%】序号 656
  源 A: [apple] 影视 | 荐片[js] (./ext/drpy2.min.js)
  源 B: [gaotianliuyun] 影视 | 喵次元[js] (./lib/drpy2.min.js)

【相似度 78.3%】序号 657
  源 A: [apple] 影视 | 荐片[js] (./ext/drpy2.min.js)
  源 B: [gaotianliuyun] 影视 | 美剧网[js] (./lib/drpy2.min.js)

【相似度 78.3%】序号 658
  源 A: [apple] 影视 | 荐片[js] (./ext/drpy2.min.js)
  源 B: [gaotianliuyun] 影视 | 美视网[js] (./lib/drpy2.min.js)

【相似度 78.3%】序号 659
  源 A: [apple] 影视 | 荐片[js] (./ext/drpy2.min.js)
  源 B: [gaotianliuyun] 影视 | 免费看[js] (./lib/drpy2.min.js)

【相似度 78.3%】序号 660
  源 A: [apple] 影视 | 荐片[js] (./ext/drpy2.min.js)
  源 B: [gaotianliuyun] 影视 | 皮皮鸭[js] (./lib/drpy2.min.js)

【相似度 78.3%】序号 661
  源 A: [apple] 影视 | 荐片[js] (./ext/drpy2.min.js)
  源 B: [gaotianliuyun] 影视 | 素白白[js] (./lib/drpy2.min.js)

【相似度 78.3%】序号 662
  源 A: [apple] 影视 | 荐片[js] (./ext/drpy2.min.js)
  源 B: [gaotianliuyun] 影视 | 中国人[js] (./lib/drpy2.min.js)

【相似度 78.3%】序号 663
  源 A: [apple] 影视 | 荐片[js] (./ext/drpy2.min.js)
  源 B: [gaotianliuyun] 影视 | 追剧迷[js] (./lib/drpy2.min.js)

【相似度 78.3%】序号 664
  源 A: [gaotianliuyun] 搜索 | 磁力熊[js] (./lib/drpy2.min.js)
  源 B: [gaotianliuyun] 搜索 | 路飞[js] (./lib/lf_search3_min.js)

【相似度 78.3%】序号 665
  源 A: [gaotianliuyun] 搜索 | 磁力熊[js] (./lib/drpy2.min.js)
  源 B: [gaotianliuyun] 路飞 | 磁力[js] (./lib/lf_p2p2_min.js)

【相似度 78.3%】序号 666
  源 A: [gaotianliuyun] 路飞 | 磁力[js] (./lib/lf_p2p2_min.js)
  源 B: [gaotianliuyun] 磁力 | 磁力熊[js] (./lib/drpy2.min.js)

【相似度 77.8%】序号 667
  源 A: [王二小] 💓‍玩偶┃4K💓‍ (csp_AiNewWoggGuard)
  源 B: [王二小] 💓‍观影┃4K💓‍ (csp_AiNewGuanYingGuard)

【相似度 77.8%】序号 668
  源 A: [王二小] 💓‍玩偶┃4K💓‍ (csp_AiNewWoggGuard)
  源 B: [王二小] 💓‍七味┃4K💓‍ (csp_AiQwMkvGuard)

【相似度 77.8%】序号 669
  源 A: [王二小] 💓‍玩偶┃4K💓‍ (csp_AiNewWoggGuard)
  源 B: [王二小] 💓‍原盘┃4K💓‍ (csp_AiNewZhiNan4KGuard)

【相似度 77.8%】序号 670
  源 A: [王二小] 💓‍玩偶┃4K💓‍ (csp_AiNewWoggGuard)
  源 B: [王二小] 💓‍蜗牛┃4K💓‍ (csp_AiNewWoNiu4KGuard)

【相似度 77.8%】序号 671
  源 A: [王二小] 💓‍观影┃4K💓‍ (csp_AiNewGuanYingGuard)
  源 B: [王二小] 💓‍七味┃4K💓‍ (csp_AiQwMkvGuard)

【相似度 77.8%】序号 672
  源 A: [王二小] 💓‍观影┃4K💓‍ (csp_AiNewGuanYingGuard)
  源 B: [王二小] 💓‍原盘┃4K💓‍ (csp_AiNewZhiNan4KGuard)

【相似度 77.8%】序号 673
  源 A: [王二小] 💓‍观影┃4K💓‍ (csp_AiNewGuanYingGuard)
  源 B: [王二小] 💓‍蜗牛┃4K💓‍ (csp_AiNewWoNiu4KGuard)

【相似度 77.8%】序号 674
  源 A: [王二小] 💓‍观影┃4K💓‍ (csp_AiNewGuanYingGuard)
  源 B: [牛儿] 💓‍玩偶┃4K💓‍ (csp_WoggGuard)

【相似度 77.8%】序号 675
  源 A: [王二小] 💓‍七味┃4K💓‍ (csp_AiQwMkvGuard)
  源 B: [王二小] 💓‍原盘┃4K💓‍ (csp_AiNewZhiNan4KGuard)

【相似度 77.8%】序号 676
  源 A: [王二小] 💓‍七味┃4K💓‍ (csp_AiQwMkvGuard)
  源 B: [王二小] 💓‍蜗牛┃4K💓‍ (csp_AiNewWoNiu4KGuard)

【相似度 77.8%】序号 677
  源 A: [王二小] 💓‍七味┃4K💓‍ (csp_AiQwMkvGuard)
  源 B: [牛儿] 💓‍玩偶┃4K💓‍ (csp_WoggGuard)

【相似度 77.8%】序号 678
  源 A: [王二小] 💓‍原盘┃4K💓‍ (csp_AiNewZhiNan4KGuard)
  源 B: [王二小] 💓‍蜗牛┃4K💓‍ (csp_AiNewWoNiu4KGuard)

【相似度 77.8%】序号 679
  源 A: [王二小] 💓‍原盘┃4K💓‍ (csp_AiNewZhiNan4KGuard)
  源 B: [牛儿] 💓‍玩偶┃4K💓‍ (csp_WoggGuard)

【相似度 77.8%】序号 680
  源 A: [王二小] 💓‍蜗牛┃4K💓‍ (csp_AiNewWoNiu4KGuard)
  源 B: [牛儿] 💓‍玩偶┃4K💓‍ (csp_WoggGuard)

【相似度 77.8%】序号 681
  源 A: [牛儿] 💓我的┃115💓‍ (csp_Wex115shareGuard)
  源 B: [牛儿] 💓我的┃123💓‍ (csp_WexWo123panGuard)

【相似度 77.8%】序号 682
  源 A: [00000] 音乐-MV(T4) (https://catbox.n13.club/t9/mvzb.php)
  源 B: [00000] 音乐-啊哈(T4) (https://catbox.n13.club/t9/aha.php)

【相似度 77.8%】序号 683
  源 A: [00000] 音乐-MV(T4) (https://catbox.n13.club/t9/mvzb.php)
  源 B: [00000] 音乐-糖豆(T4) (https://catbox.n13.club/t9/tangdou.php)

【相似度 77.8%】序号 684
  源 A: [00000] 直播-飞流(T4) (https://catbox.n13.club/ai/飞流影视.php)
  源 B: [00000] 直播-斗鱼(T4) (https://catbox.n13.club/ai/斗鱼直播.php)

【相似度 77.8%】序号 685
  源 A: [00000] 音乐-啊哈(T4) (https://catbox.n13.club/t9/aha.php)
  源 B: [00000] 音乐-糖豆(T4) (https://catbox.n13.club/t9/tangdou.php)

【相似度 77.8%】序号 686
  源 A: [00000] 影视-金牌(T4) (https://catbox.n13.club/t9/jinpai.php)
  源 B: [00000] 影视-哇哇(T4) (https://catbox.n13.club/t9/哇哇影视.php)

【相似度 77.8%】序号 687
  源 A: [00000] 影视-金牌(T4) (https://catbox.n13.club/t9/jinpai.php)
  源 B: [00000] 影视-HG(T4) (https://catbox.n13.club/t9/hg.php)

【相似度 77.8%】序号 688
  源 A: [00000] 影视-金牌(T4) (https://catbox.n13.club/t9/jinpai.php)
  源 B: [00000] 影视-米饭(T4) (https://catbox.n13.club/t9/mifun.php)

【相似度 77.8%】序号 689
  源 A: [00000] 影视-金牌(T4) (https://catbox.n13.club/t9/jinpai.php)
  源 B: [00000] 影视-采集(T4) (https://catbox.n13.club/t9/caiji.php)

【相似度 77.8%】序号 690
  源 A: [00000] 影视-金牌(T4) (https://catbox.n13.club/t9/金牌影视.php)
  源 B: [00000] 影视-哇哇(T4) (https://catbox.n13.club/t9/哇哇影视.php)

【相似度 77.8%】序号 691
  源 A: [00000] 影视-金牌(T4) (https://catbox.n13.club/t9/金牌影视.php)
  源 B: [00000] 影视-HG(T4) (https://catbox.n13.club/t9/hg.php)

【相似度 77.8%】序号 692
  源 A: [00000] 影视-金牌(T4) (https://catbox.n13.club/t9/金牌影视.php)
  源 B: [00000] 影视-米饭(T4) (https://catbox.n13.club/t9/mifun.php)

【相似度 77.8%】序号 693
  源 A: [00000] 影视-金牌(T4) (https://catbox.n13.club/t9/金牌影视.php)
  源 B: [00000] 影视-采集(T4) (https://catbox.n13.club/t9/caiji.php)

【相似度 77.8%】序号 694
  源 A: [00000] 影视-哇哇(T4) (https://catbox.n13.club/t9/哇哇影视.php)
  源 B: [00000] 影视-HG(T4) (https://catbox.n13.club/t9/hg.php)

【相似度 77.8%】序号 695
  源 A: [00000] 影视-哇哇(T4) (https://catbox.n13.club/t9/哇哇影视.php)
  源 B: [00000] 影视-米饭(T4) (https://catbox.n13.club/t9/mifun.php)

【相似度 77.8%】序号 696
  源 A: [00000] 影视-哇哇(T4) (https://catbox.n13.club/t9/哇哇影视.php)
  源 B: [00000] 影视-采集(T4) (https://catbox.n13.club/t9/caiji.php)

【相似度 77.8%】序号 697
  源 A: [00000] 影视-HG(T4) (https://catbox.n13.club/t9/hg.php)
  源 B: [00000] 影视-米饭(T4) (https://catbox.n13.club/t9/mifun.php)

【相似度 77.8%】序号 698
  源 A: [00000] 影视-HG(T4) (https://catbox.n13.club/t9/hg.php)
  源 B: [00000] 影视-采集(T4) (https://catbox.n13.club/t9/caiji.php)

【相似度 77.8%】序号 699
  源 A: [00000] 影视-米饭(T4) (https://catbox.n13.club/t9/mifun.php)
  源 B: [00000] 影视-采集(T4) (https://catbox.n13.club/t9/caiji.php)

【相似度 77.8%】序号 700
  源 A: [00000] B站-相声(T4) (https://catbox.n13.club/t9/bili.php?id=Blixs)
  源 B: [00000] B站-哔哩(T4) (https://catbox.n13.club/t9/bili.php)

【相似度 77.8%】序号 701
  源 A: [00000] B站-相声(T4) (https://catbox.n13.club/t9/bili.php?id=Blixs)
  源 B: [00000] B站-外语(T4) (https://catbox.n13.club/t9/bili.php?id=waiyu)

【相似度 77.8%】序号 702
  源 A: [00000] B站-相声(T4) (https://catbox.n13.club/t9/bili.php?id=Blixs)
  源 B: [00000] B站-高中(T4) (https://catbox.n13.club/t9/bili.php?id=高中课堂)

【相似度 77.8%】序号 703
  源 A: [00000] B站-相声(T4) (https://catbox.n13.club/t9/bili.php?id=Blixs)
  源 B: [00000] B站-合集(T4) (https://catbox.n13.club/t9/bili.php?id=合集)

【相似度 77.8%】序号 704
  源 A: [00000] B站-相声(T4) (https://catbox.n13.club/t9/bili.php?id=Blixs)
  源 B: [00000] B站-美食(T4) (https://catbox.n13.club/t9/bili.php?id=美食)

【相似度 77.8%】序号 705
  源 A: [00000] B站-相声(T4) (https://catbox.n13.club/t9/bili.php?id=Blixs)
  源 B: [00000] B站-中医(T4) (https://catbox.n13.club/t9/bili.php?id=中医)

【相似度 77.8%】序号 706
  源 A: [00000] B站-哔哩(T4) (https://catbox.n13.club/t9/bili.php)
  源 B: [00000] B站-外语(T4) (https://catbox.n13.club/t9/bili.php?id=waiyu)

【相似度 77.8%】序号 707
  源 A: [00000] B站-哔哩(T4) (https://catbox.n13.club/t9/bili.php)
  源 B: [00000] B站-高中(T4) (https://catbox.n13.club/t9/bili.php?id=高中课堂)

【相似度 77.8%】序号 708
  源 A: [00000] B站-哔哩(T4) (https://catbox.n13.club/t9/bili.php)
  源 B: [00000] B站-合集(T4) (https://catbox.n13.club/t9/bili.php?id=合集)

【相似度 77.8%】序号 709
  源 A: [00000] B站-哔哩(T4) (https://catbox.n13.club/t9/bili.php)
  源 B: [00000] B站-美食(T4) (https://catbox.n13.club/t9/bili.php?id=美食)

【相似度 77.8%】序号 710
  源 A: [00000] B站-哔哩(T4) (https://catbox.n13.club/t9/bili.php)
  源 B: [00000] B站-中医(T4) (https://catbox.n13.club/t9/bili.php?id=中医)

【相似度 77.8%】序号 711
  源 A: [00000] B站-外语(T4) (https://catbox.n13.club/t9/bili.php?id=waiyu)
  源 B: [00000] B站-高中(T4) (https://catbox.n13.club/t9/bili.php?id=高中课堂)

【相似度 77.8%】序号 712
  源 A: [00000] B站-外语(T4) (https://catbox.n13.club/t9/bili.php?id=waiyu)
  源 B: [00000] B站-合集(T4) (https://catbox.n13.club/t9/bili.php?id=合集)

【相似度 77.8%】序号 713
  源 A: [00000] B站-外语(T4) (https://catbox.n13.club/t9/bili.php?id=waiyu)
  源 B: [00000] B站-美食(T4) (https://catbox.n13.club/t9/bili.php?id=美食)

【相似度 77.8%】序号 714
  源 A: [00000] B站-外语(T4) (https://catbox.n13.club/t9/bili.php?id=waiyu)
  源 B: [00000] B站-中医(T4) (https://catbox.n13.club/t9/bili.php?id=中医)

【相似度 77.8%】序号 715
  源 A: [00000] B站-高中(T4) (https://catbox.n13.club/t9/bili.php?id=高中课堂)
  源 B: [00000] B站-合集(T4) (https://catbox.n13.club/t9/bili.php?id=合集)

【相似度 77.8%】序号 716
  源 A: [00000] B站-高中(T4) (https://catbox.n13.club/t9/bili.php?id=高中课堂)
  源 B: [00000] B站-美食(T4) (https://catbox.n13.club/t9/bili.php?id=美食)

【相似度 77.8%】序号 717
  源 A: [00000] B站-合集(T4) (https://catbox.n13.club/t9/bili.php?id=合集)
  源 B: [00000] B站-美食(T4) (https://catbox.n13.club/t9/bili.php?id=美食)

【相似度 77.8%】序号 718
  源 A: [00000] B站-合集(T4) (https://catbox.n13.club/t9/bili.php?id=合集)
  源 B: [00000] B站-中医(T4) (https://catbox.n13.club/t9/bili.php?id=中医)

【相似度 77.8%】序号 719
  源 A: [00000] B站-美食(T4) (https://catbox.n13.club/t9/bili.php?id=美食)
  源 B: [00000] B站-中医(T4) (https://catbox.n13.club/t9/bili.php?id=中医)

【相似度 77.8%】序号 720
  源 A: [直播] 👖裤佬丨界影丨PY (https://mpimg.cn/down.php/4440a9a56b6d222647a856452eefb21a.py)
  源 B: [直播] 👖裤佬丨央视丨PY (https://mpimg.cn/down.php/2dfd46b7b542f1f4ac34e0af4ec5549b.py)

【相似度 77.8%】序号 721
  源 A: [直播] 👖裤佬丨Emby丨JS (https://mpimg.cn/down.php/40d30fe3d9671e0d700f1c272bb20aaa.js)
  源 B: [直播] Emby丨JS (https://17264.kstore.space/Emby.js)

【相似度 77.8%】序号 722
  源 A: [接口] 盘他|139Pan (csp_PanTa)
  源 B: [接口] 彼心|139Pan (csp_BiXin)

【相似度 77.4%】序号 723
  源 A: [gaotianliuyun] 弹幕 | 资源分享[jar] (csp_PushShare)
  源 B: [gaotianliuyun] 弹幕 | Samba分享[jar] (csp_SambaShare)

【相似度 77.4%】序号 724
  源 A: [gaotianliuyun] 弹幕 | 影视分享[jar] (csp_AliShare)
  源 B: [gaotianliuyun] 弹幕 | Samba分享[jar] (csp_SambaShare)

【相似度 77.4%】序号 725
  源 A: [gaotianliuyun] 弹幕 | 迅雷分享[jar] (csp_ThunderShare)
  源 B: [gaotianliuyun] 弹幕 | Samba分享[jar] (csp_SambaShare)

【相似度 77.4%】序号 726
  源 A: [gaotianliuyun] 弹幕 | 夸克分享[jar] (csp_QuarkShare)
  源 B: [gaotianliuyun] 弹幕 | Samba分享[jar] (csp_SambaShare)

【相似度 77.4%】序号 727
  源 A: [gaotianliuyun] 弹幕 | UC分享[jar] (csp_UCShare)
  源 B: [gaotianliuyun] 弹幕 | Samba分享[jar] (csp_SambaShare)

【相似度 77.4%】序号 728
  源 A: [gaotianliuyun] 弹幕 | HDmoli[jar] (csp_Moli)
  源 B: [gaotianliuyun] 弹幕 | 4KHDR[jar] (csp_FourKHDR)

【相似度 77.4%】序号 729
  源 A: [gaotianliuyun] 网盘 | LIBVIO[jar] (csp_Libvio)
  源 B: [gaotianliuyun] 影视 | LIBVIO[js] (./lib/drpy2.min.js)

【相似度 76.9%】序号 730
  源 A: [王二小] 💓木偶┃4K💓 (csp_AiNewMuOuGuard)
  源 B: [大嗷呜] 💥木偶┃4K (csp_WobgAmns)

【相似度 76.9%】序号 731
  源 A: [王二小] 💥韩剧┃秒播💥 (csp_WexAiHanXiaoQuanGuard)
  源 B: [大嗷呜] 🚀韩剧┃秒播 (csp_HxqAmns)

【相似度 76.9%】序号 732
  源 A: [王二小] 💥瓜子┃秒播💥 (csp_WexAiGuaZiGuard)
  源 B: [大嗷呜] 🚀瓜子┃秒播 (csp_GuaziAmns)

【相似度 76.9%】序号 733
  源 A: [王二小] 💥师兄┃秒播💥 (csp_WexAppV7Guard)
  源 B: [大嗷呜] 📦师兄┃秒播 (csp_AppV7Amns)

【相似度 76.9%】序号 734
  源 A: [王二小] 🎇爱看┃采集🎇 (csp_WexAiIkanBotGuard)
  源 B: [大嗷呜] ⭐爱看┃采集 (csp_AiBotAmns)

【相似度 76.9%】序号 735
  源 A: [王二小] 🐳斗鱼┃直播🐳 (csp_LiveAiDouYuGuard)
  源 B: [饭太硬] 🐟斗鱼┃直播 (./FTY/drpy2.min.js)

【相似度 76.9%】序号 736
  源 A: [王二小] 🐳斗鱼┃直播🐳 (csp_LiveAiDouYuGuard)
  源 B: [1] 🐟斗鱼┃直播 (https://gh-proxy.com/https://git.yylx.win/https://raw.githubusercontent.com/fantaiying7/EXT/refs/heads/main/drpy2.min.js)

【相似度 76.9%】序号 737
  源 A: [王二小] 🐳斗鱼┃直播🐳 (csp_LiveAiDouYuGuard)
  源 B: [tvbox放飞] 🐟斗鱼┃直播 (./lib/drpy2.min.js)

【相似度 76.9%】序号 738
  源 A: [王二小] 🤡魔都┃动漫🤡 (csp_AnimeAiMoDuGuard)
  源 B: [大嗷呜] 🐱魔都┃动漫 (csp_DMmoduAmns)

【相似度 76.9%】序号 739
  源 A: [王二小] 🎼蜻蜓┃电台🎼 (csp_MusicAiQingTingGuard)
  源 B: [大嗷呜] 🎸蜻蜓┃电台 (csp_QTfmAmns)

【相似度 76.9%】序号 740
  源 A: [王二小] 🎼酷听┃音乐🎼 (csp_MusicAiKuWoGuard)
  源 B: [大嗷呜] 🎸酷听┃音乐 (csp_KuwoAmns)

【相似度 76.9%】序号 741
  源 A: [王二小] 🌐飞球┃体育🌐 (csp_SportAiFeiQiuGuard)
  源 B: [大嗷呜] 🏆飞球┃体育 (csp_FeiqLiveAmns)

【相似度 76.9%】序号 742
  源 A: [王二小] 🌐瓜子┃体育🌐 (csp_SportAiGuaZiGuard)
  源 B: [大嗷呜] 🏆瓜子┃体育 (csp_GuaziLiveAmns)

【相似度 76.9%】序号 743
  源 A: [王二小] 🌐咖啡┃体育🌐 (csp_SportAiKaFeiGuard)
  源 B: [大嗷呜] 🏆咖啡┃体育 (csp_KafLiveAmns)

【相似度 76.9%】序号 744
  源 A: [饭太硬] 🎶明星┃MV (csp_BiliGuard)
  源 B: [https://www.ls660.com/TV/feimao.json] 🎧┃明星┃MV (csp_Bili)

【相似度 76.9%】序号 745
  源 A: [饭太硬] 🎶明星┃MV (csp_BiliGuard)
  源 B: [4k] ⚡┃明星┃MV (csp_Bili)

【相似度 76.9%】序号 746
  源 A: [饭太硬] 🐟斗鱼┃直播 (./FTY/drpy2.min.js)
  源 B: [牛儿] 🐳斗鱼┃直播🐳 (csp_WexNewDouYuGuard)

【相似度 76.9%】序号 747
  源 A: [饭太硬] 📚初中┃课堂 (csp_BiliGuard)
  源 B: [https://www.ls660.com/TV/feimao.json] 📚┃高中┃课堂 (csp_Bili)

【相似度 76.9%】序号 748
  源 A: [饭太硬] 📚高中┃课堂 (csp_BiliGuard)
  源 B: [https://www.ls660.com/TV/feimao.json] 📚┃初中┃课堂 (csp_Bili)

【相似度 76.9%】序号 749
  源 A: [软件] 顾我｜APP (csp_AppQi)
  源 B: [【8月8日】最新【影视仓】高清【1080P】高速接口地址【支持弹幕】] ️顾我┃APP (csp_App99)

【相似度 76.9%】序号 750
  源 A: [软件] 电影港｜磁力 (csp_XYQHiker)
  源 B: [软件] 电影天堂｜磁力 (csp_DyGod)

【相似度 76.9%】序号 751
  源 A: [牛儿] 💓木偶┃4K💓 (csp_WexmuouggGuard)
  源 B: [大嗷呜] 💥木偶┃4K (csp_WobgAmns)

【相似度 76.9%】序号 752
  源 A: [牛儿] 💥韩剧┃秒播💥 (csp_WexhanxiaoquanGuard)
  源 B: [大嗷呜] 🚀韩剧┃秒播 (csp_HxqAmns)

【相似度 76.9%】序号 753
  源 A: [牛儿] 🎇爱看┃采集🎇 (csp_WexikanbotGuard)
  源 B: [大嗷呜] ⭐爱看┃采集 (csp_AiBotAmns)

【相似度 76.9%】序号 754
  源 A: [牛儿] 🐳斗鱼┃直播🐳 (csp_WexNewDouYuGuard)
  源 B: [1] 🐟斗鱼┃直播 (https://gh-proxy.com/https://git.yylx.win/https://raw.githubusercontent.com/fantaiying7/EXT/refs/heads/main/drpy2.min.js)

【相似度 76.9%】序号 755
  源 A: [牛儿] 🐳斗鱼┃直播🐳 (csp_WexNewDouYuGuard)
  源 B: [tvbox放飞] 🐟斗鱼┃直播 (./lib/drpy2.min.js)

【相似度 76.9%】序号 756
  源 A: [牛儿] 🌐瓜子┃体育🌐 (csp_WexGZsportGuard)
  源 B: [大嗷呜] 🏆瓜子┃体育 (csp_GuaziLiveAmns)

【相似度 76.9%】序号 757
  源 A: [金鹰] 🥇金牌┃影院 (csp_XBPQ)
  源 B: [直播] 🥇️金牌┃影视 (csp_Jpys)

【相似度 76.9%】序号 758
  源 A: [金鹰] 🆕非凡┃资源 (http://cj.ffzyapi.com/api.php/provide/vod)
  源 B: [直播] 🌼非凡┃资源🌼 (http://ffzy1.tv/api.php/provide/vod)

【相似度 76.9%】序号 759
  源 A: [apple] 🌕┃豆瓣┃推荐 (csp_DouDou)
  源 B: [大嗷呜] 🔥豆瓣┃推荐 (csp_DoubanAmns)

【相似度 76.9%】序号 760
  源 A: [https://www.ls660.com/TV/feimao.json] 🐾┃酷狗┃音乐 (csp_Kugou)
  源 B: [大嗷呜] 🎸酷狗┃音乐 (csp_KuGouAmns)

【相似度 76.9%】序号 761
  源 A: [https://www.ls660.com/TV/feimao.json] 🎧┃明星┃MV (csp_Bili)
  源 B: [tvbox放飞] 🎶明星┃MV (csp_BiliGuard)

【相似度 76.9%】序号 762
  源 A: [https://www.ls660.com/TV/feimao.json] 📚┃高中┃课堂 (csp_Bili)
  源 B: [tvbox放飞] 📚初中┃课堂 (csp_BiliGuard)

【相似度 76.9%】序号 763
  源 A: [tvbox放飞] 🎶明星┃MV (csp_BiliGuard)
  源 B: [4k] ⚡┃明星┃MV (csp_Bili)

【相似度 76.9%】序号 764
  源 A: [大嗷呜] 🐱番薯┃动漫 (csp_DMfansAmns)
  源 B: [feimao] 🍠┃番薯┃动漫 (csp_AppGet)

【相似度 76.9%】序号 765
  源 A: [gaotianliuyun] 搜索 | TG[jar] (csp_TGYunPanLocal)
  源 B: [gaotianliuyun] 网盘 | TG搜索[jar] (csp_TGYunPan)

【相似度 76.9%】序号 766
  源 A: [gaotianliuyun] MV | KTV[jar] (csp_Iktv)
  源 B: [gaotianliuyun] MV | 音悦台[jar] (csp_Yinyuetai)

【相似度 76.9%】序号 767
  源 A: [gaotianliuyun] 书籍 | 分享[jar] (csp_AliShare)
  源 B: [gaotianliuyun] 弹幕 | 资源分享[jar] (csp_PushShare)

【相似度 76.9%】序号 768
  源 A: [gaotianliuyun] 书籍 | 分享[jar] (csp_AliShare)
  源 B: [gaotianliuyun] 弹幕 | 迅雷分享[jar] (csp_ThunderShare)

【相似度 76.9%】序号 769
  源 A: [gaotianliuyun] 书籍 | 分享[jar] (csp_AliShare)
  源 B: [gaotianliuyun] 弹幕 | 夸克分享[jar] (csp_QuarkShare)

【相似度 76.9%】序号 770
  源 A: [gaotianliuyun] 书籍 | 分享[jar] (csp_AliShare)
  源 B: [gaotianliuyun] 弹幕 | UC分享[jar] (csp_UCShare)

【相似度 76.9%】序号 771
  源 A: [gaotianliuyun] 弹幕 | 荐片[jar] (csp_Jianpian)
  源 B: [gaotianliuyun] 弹幕 | 资源分享[jar] (csp_PushShare)

【相似度 76.9%】序号 772
  源 A: [gaotianliuyun] 弹幕 | 荐片[jar] (csp_Jianpian)
  源 B: [gaotianliuyun] 弹幕 | 影视分享[jar] (csp_AliShare)

【相似度 76.9%】序号 773
  源 A: [gaotianliuyun] 弹幕 | 荐片[jar] (csp_Jianpian)
  源 B: [gaotianliuyun] 弹幕 | 迅雷分享[jar] (csp_ThunderShare)

【相似度 76.9%】序号 774
  源 A: [gaotianliuyun] 弹幕 | 荐片[jar] (csp_Jianpian)
  源 B: [gaotianliuyun] 弹幕 | 夸克分享[jar] (csp_QuarkShare)

【相似度 76.9%】序号 775
  源 A: [gaotianliuyun] 弹幕 | 荐片[jar] (csp_Jianpian)
  源 B: [gaotianliuyun] 弹幕 | UC分享[jar] (csp_UCShare)

【相似度 76.9%】序号 776
  源 A: [gaotianliuyun] 弹幕 | 荐片[jar] (csp_Jianpian)
  源 B: [gaotianliuyun] 弹幕 | 玩偶4k[jar] (csp_Wo4k)

【相似度 76.9%】序号 777
  源 A: [gaotianliuyun] 弹幕 | 哔滴[jar] (csp_Bdys01)
  源 B: [gaotianliuyun] 弹幕 | 资源分享[jar] (csp_PushShare)

【相似度 76.9%】序号 778
  源 A: [gaotianliuyun] 弹幕 | 哔滴[jar] (csp_Bdys01)
  源 B: [gaotianliuyun] 弹幕 | 影视分享[jar] (csp_AliShare)

【相似度 76.9%】序号 779
  源 A: [gaotianliuyun] 弹幕 | 哔滴[jar] (csp_Bdys01)
  源 B: [gaotianliuyun] 弹幕 | 迅雷分享[jar] (csp_ThunderShare)

【相似度 76.9%】序号 780
  源 A: [gaotianliuyun] 弹幕 | 哔滴[jar] (csp_Bdys01)
  源 B: [gaotianliuyun] 弹幕 | 夸克分享[jar] (csp_QuarkShare)

【相似度 76.9%】序号 781
  源 A: [gaotianliuyun] 弹幕 | 哔滴[jar] (csp_Bdys01)
  源 B: [gaotianliuyun] 弹幕 | UC分享[jar] (csp_UCShare)

【相似度 76.9%】序号 782
  源 A: [gaotianliuyun] 弹幕 | 哔滴[jar] (csp_Bdys01)
  源 B: [gaotianliuyun] 弹幕 | 玩偶4k[jar] (csp_Wo4k)

【相似度 76.9%】序号 783
  源 A: [gaotianliuyun] 弹幕 | 天天[jar] (csp_TTian)
  源 B: [gaotianliuyun] 弹幕 | 资源分享[jar] (csp_PushShare)

【相似度 76.9%】序号 784
  源 A: [gaotianliuyun] 弹幕 | 天天[jar] (csp_TTian)
  源 B: [gaotianliuyun] 弹幕 | 影视分享[jar] (csp_AliShare)

【相似度 76.9%】序号 785
  源 A: [gaotianliuyun] 弹幕 | 天天[jar] (csp_TTian)
  源 B: [gaotianliuyun] 弹幕 | 迅雷分享[jar] (csp_ThunderShare)

【相似度 76.9%】序号 786
  源 A: [gaotianliuyun] 弹幕 | 天天[jar] (csp_TTian)
  源 B: [gaotianliuyun] 弹幕 | 夸克分享[jar] (csp_QuarkShare)

【相似度 76.9%】序号 787
  源 A: [gaotianliuyun] 弹幕 | 天天[jar] (csp_TTian)
  源 B: [gaotianliuyun] 弹幕 | UC分享[jar] (csp_UCShare)

【相似度 76.9%】序号 788
  源 A: [gaotianliuyun] 弹幕 | 天天[jar] (csp_TTian)
  源 B: [gaotianliuyun] 弹幕 | 玩偶4k[jar] (csp_Wo4k)

【相似度 76.9%】序号 789
  源 A: [gaotianliuyun] 弹幕 | 追剧[jar] (csp_TTian)
  源 B: [gaotianliuyun] 弹幕 | 资源分享[jar] (csp_PushShare)

【相似度 76.9%】序号 790
  源 A: [gaotianliuyun] 弹幕 | 追剧[jar] (csp_TTian)
  源 B: [gaotianliuyun] 弹幕 | 影视分享[jar] (csp_AliShare)

【相似度 76.9%】序号 791
  源 A: [gaotianliuyun] 弹幕 | 追剧[jar] (csp_TTian)
  源 B: [gaotianliuyun] 弹幕 | 迅雷分享[jar] (csp_ThunderShare)

【相似度 76.9%】序号 792
  源 A: [gaotianliuyun] 弹幕 | 追剧[jar] (csp_TTian)
  源 B: [gaotianliuyun] 弹幕 | 夸克分享[jar] (csp_QuarkShare)

【相似度 76.9%】序号 793
  源 A: [gaotianliuyun] 弹幕 | 追剧[jar] (csp_TTian)
  源 B: [gaotianliuyun] 弹幕 | UC分享[jar] (csp_UCShare)

【相似度 76.9%】序号 794
  源 A: [gaotianliuyun] 弹幕 | 追剧[jar] (csp_TTian)
  源 B: [gaotianliuyun] 弹幕 | 玩偶4k[jar] (csp_Wo4k)

【相似度 76.9%】序号 795
  源 A: [gaotianliuyun] 弹幕 | 南瓜[jar] (csp_NanGua)
  源 B: [gaotianliuyun] 弹幕 | 资源分享[jar] (csp_PushShare)

【相似度 76.9%】序号 796
  源 A: [gaotianliuyun] 弹幕 | 南瓜[jar] (csp_NanGua)
  源 B: [gaotianliuyun] 弹幕 | 影视分享[jar] (csp_AliShare)

【相似度 76.9%】序号 797
  源 A: [gaotianliuyun] 弹幕 | 南瓜[jar] (csp_NanGua)
  源 B: [gaotianliuyun] 弹幕 | 迅雷分享[jar] (csp_ThunderShare)

【相似度 76.9%】序号 798
  源 A: [gaotianliuyun] 弹幕 | 南瓜[jar] (csp_NanGua)
  源 B: [gaotianliuyun] 弹幕 | 夸克分享[jar] (csp_QuarkShare)

【相似度 76.9%】序号 799
  源 A: [gaotianliuyun] 弹幕 | 南瓜[jar] (csp_NanGua)
  源 B: [gaotianliuyun] 弹幕 | UC分享[jar] (csp_UCShare)

【相似度 76.9%】序号 800
  源 A: [gaotianliuyun] 弹幕 | 南瓜[jar] (csp_NanGua)
  源 B: [gaotianliuyun] 弹幕 | 玩偶4k[jar] (csp_Wo4k)

【相似度 76.9%】序号 801
  源 A: [gaotianliuyun] 弹幕 | 资源分享[jar] (csp_PushShare)
  源 B: [gaotianliuyun] 弹幕 | 玩偶[jar] (csp_Wogg)

【相似度 76.9%】序号 802
  源 A: [gaotianliuyun] 弹幕 | 资源分享[jar] (csp_PushShare)
  源 B: [gaotianliuyun] 弹幕 | 表哥[jar] (csp_Wobg)

【相似度 76.9%】序号 803
  源 A: [gaotianliuyun] 弹幕 | 资源分享[jar] (csp_PushShare)
  源 B: [gaotianliuyun] 弹幕 | 老哥[jar] (csp_Wobg)

【相似度 76.9%】序号 804
  源 A: [gaotianliuyun] 弹幕 | 资源分享[jar] (csp_PushShare)
  源 B: [gaotianliuyun] 弹幕 | 蜡笔[jar] (csp_Wobg)

【相似度 76.9%】序号 805
  源 A: [gaotianliuyun] 弹幕 | 资源分享[jar] (csp_PushShare)
  源 B: [gaotianliuyun] 弹幕 | 低端[jar] (csp_Ddys)

【相似度 76.9%】序号 806
  源 A: [gaotianliuyun] 弹幕 | 资源分享[jar] (csp_PushShare)
  源 B: [gaotianliuyun] 弹幕 | 校长[jar] (csp_XiaoZhang)

【相似度 76.9%】序号 807
  源 A: [gaotianliuyun] 弹幕 | 资源分享[jar] (csp_PushShare)
  源 B: [gaotianliuyun] 弹幕 | 团长[jar] (csp_TZFile)

【相似度 76.9%】序号 808
  源 A: [gaotianliuyun] 弹幕 | 资源分享[jar] (csp_PushShare)
  源 B: [gaotianliuyun] 弹幕 | 影巢[jar] (csp_Hdh)

【相似度 76.9%】序号 809
  源 A: [gaotianliuyun] 弹幕 | 资源分享[jar] (csp_PushShare)
  源 B: [gaotianliuyun] 弹幕 | 云盘[jar] (csp_YunPan)

【相似度 76.9%】序号 810
  源 A: [gaotianliuyun] 弹幕 | 影视分享[jar] (csp_AliShare)
  源 B: [gaotianliuyun] 弹幕 | 玩偶[jar] (csp_Wogg)

【相似度 76.9%】序号 811
  源 A: [gaotianliuyun] 弹幕 | 影视分享[jar] (csp_AliShare)
  源 B: [gaotianliuyun] 弹幕 | 表哥[jar] (csp_Wobg)

【相似度 76.9%】序号 812
  源 A: [gaotianliuyun] 弹幕 | 影视分享[jar] (csp_AliShare)
  源 B: [gaotianliuyun] 弹幕 | 老哥[jar] (csp_Wobg)

【相似度 76.9%】序号 813
  源 A: [gaotianliuyun] 弹幕 | 影视分享[jar] (csp_AliShare)
  源 B: [gaotianliuyun] 弹幕 | 蜡笔[jar] (csp_Wobg)

【相似度 76.9%】序号 814
  源 A: [gaotianliuyun] 弹幕 | 影视分享[jar] (csp_AliShare)
  源 B: [gaotianliuyun] 弹幕 | 低端[jar] (csp_Ddys)

【相似度 76.9%】序号 815
  源 A: [gaotianliuyun] 弹幕 | 影视分享[jar] (csp_AliShare)
  源 B: [gaotianliuyun] 弹幕 | 校长[jar] (csp_XiaoZhang)

【相似度 76.9%】序号 816
  源 A: [gaotianliuyun] 弹幕 | 影视分享[jar] (csp_AliShare)
  源 B: [gaotianliuyun] 弹幕 | 团长[jar] (csp_TZFile)

【相似度 76.9%】序号 817
  源 A: [gaotianliuyun] 弹幕 | 影视分享[jar] (csp_AliShare)
  源 B: [gaotianliuyun] 弹幕 | 云盘[jar] (csp_YunPan)

【相似度 76.9%】序号 818
  源 A: [gaotianliuyun] 弹幕 | 迅雷分享[jar] (csp_ThunderShare)
  源 B: [gaotianliuyun] 弹幕 | 玩偶[jar] (csp_Wogg)

【相似度 76.9%】序号 819
  源 A: [gaotianliuyun] 弹幕 | 迅雷分享[jar] (csp_ThunderShare)
  源 B: [gaotianliuyun] 弹幕 | 表哥[jar] (csp_Wobg)

【相似度 76.9%】序号 820
  源 A: [gaotianliuyun] 弹幕 | 迅雷分享[jar] (csp_ThunderShare)
  源 B: [gaotianliuyun] 弹幕 | 老哥[jar] (csp_Wobg)

【相似度 76.9%】序号 821
  源 A: [gaotianliuyun] 弹幕 | 迅雷分享[jar] (csp_ThunderShare)
  源 B: [gaotianliuyun] 弹幕 | 蜡笔[jar] (csp_Wobg)

【相似度 76.9%】序号 822
  源 A: [gaotianliuyun] 弹幕 | 迅雷分享[jar] (csp_ThunderShare)
  源 B: [gaotianliuyun] 弹幕 | 低端[jar] (csp_Ddys)

【相似度 76.9%】序号 823
  源 A: [gaotianliuyun] 弹幕 | 迅雷分享[jar] (csp_ThunderShare)
  源 B: [gaotianliuyun] 弹幕 | 校长[jar] (csp_XiaoZhang)

【相似度 76.9%】序号 824
  源 A: [gaotianliuyun] 弹幕 | 迅雷分享[jar] (csp_ThunderShare)
  源 B: [gaotianliuyun] 弹幕 | 团长[jar] (csp_TZFile)

【相似度 76.9%】序号 825
  源 A: [gaotianliuyun] 弹幕 | 迅雷分享[jar] (csp_ThunderShare)
  源 B: [gaotianliuyun] 弹幕 | 影巢[jar] (csp_Hdh)

【相似度 76.9%】序号 826
  源 A: [gaotianliuyun] 弹幕 | 迅雷分享[jar] (csp_ThunderShare)
  源 B: [gaotianliuyun] 弹幕 | 云盘[jar] (csp_YunPan)

【相似度 76.9%】序号 827
  源 A: [gaotianliuyun] 弹幕 | 夸克分享[jar] (csp_QuarkShare)
  源 B: [gaotianliuyun] 弹幕 | 玩偶[jar] (csp_Wogg)

【相似度 76.9%】序号 828
  源 A: [gaotianliuyun] 弹幕 | 夸克分享[jar] (csp_QuarkShare)
  源 B: [gaotianliuyun] 弹幕 | 表哥[jar] (csp_Wobg)

【相似度 76.9%】序号 829
  源 A: [gaotianliuyun] 弹幕 | 夸克分享[jar] (csp_QuarkShare)
  源 B: [gaotianliuyun] 弹幕 | 老哥[jar] (csp_Wobg)

【相似度 76.9%】序号 830
  源 A: [gaotianliuyun] 弹幕 | 夸克分享[jar] (csp_QuarkShare)
  源 B: [gaotianliuyun] 弹幕 | 蜡笔[jar] (csp_Wobg)

【相似度 76.9%】序号 831
  源 A: [gaotianliuyun] 弹幕 | 夸克分享[jar] (csp_QuarkShare)
  源 B: [gaotianliuyun] 弹幕 | 低端[jar] (csp_Ddys)

【相似度 76.9%】序号 832
  源 A: [gaotianliuyun] 弹幕 | 夸克分享[jar] (csp_QuarkShare)
  源 B: [gaotianliuyun] 弹幕 | 校长[jar] (csp_XiaoZhang)

【相似度 76.9%】序号 833
  源 A: [gaotianliuyun] 弹幕 | 夸克分享[jar] (csp_QuarkShare)
  源 B: [gaotianliuyun] 弹幕 | 团长[jar] (csp_TZFile)

【相似度 76.9%】序号 834
  源 A: [gaotianliuyun] 弹幕 | 夸克分享[jar] (csp_QuarkShare)
  源 B: [gaotianliuyun] 弹幕 | 影巢[jar] (csp_Hdh)

【相似度 76.9%】序号 835
  源 A: [gaotianliuyun] 弹幕 | 夸克分享[jar] (csp_QuarkShare)
  源 B: [gaotianliuyun] 弹幕 | 云盘[jar] (csp_YunPan)

【相似度 76.9%】序号 836
  源 A: [gaotianliuyun] 弹幕 | UC分享[jar] (csp_UCShare)
  源 B: [gaotianliuyun] 弹幕 | 玩偶[jar] (csp_Wogg)

【相似度 76.9%】序号 837
  源 A: [gaotianliuyun] 弹幕 | UC分享[jar] (csp_UCShare)
  源 B: [gaotianliuyun] 弹幕 | 表哥[jar] (csp_Wobg)

【相似度 76.9%】序号 838
  源 A: [gaotianliuyun] 弹幕 | UC分享[jar] (csp_UCShare)
  源 B: [gaotianliuyun] 弹幕 | 老哥[jar] (csp_Wobg)

【相似度 76.9%】序号 839
  源 A: [gaotianliuyun] 弹幕 | UC分享[jar] (csp_UCShare)
  源 B: [gaotianliuyun] 弹幕 | 蜡笔[jar] (csp_Wobg)

【相似度 76.9%】序号 840
  源 A: [gaotianliuyun] 弹幕 | UC分享[jar] (csp_UCShare)
  源 B: [gaotianliuyun] 弹幕 | 低端[jar] (csp_Ddys)

【相似度 76.9%】序号 841
  源 A: [gaotianliuyun] 弹幕 | UC分享[jar] (csp_UCShare)
  源 B: [gaotianliuyun] 弹幕 | 校长[jar] (csp_XiaoZhang)

【相似度 76.9%】序号 842
  源 A: [gaotianliuyun] 弹幕 | UC分享[jar] (csp_UCShare)
  源 B: [gaotianliuyun] 弹幕 | 团长[jar] (csp_TZFile)

【相似度 76.9%】序号 843
  源 A: [gaotianliuyun] 弹幕 | UC分享[jar] (csp_UCShare)
  源 B: [gaotianliuyun] 弹幕 | 影巢[jar] (csp_Hdh)

【相似度 76.9%】序号 844
  源 A: [gaotianliuyun] 弹幕 | UC分享[jar] (csp_UCShare)
  源 B: [gaotianliuyun] 弹幕 | 云盘[jar] (csp_YunPan)

【相似度 76.9%】序号 845
  源 A: [gaotianliuyun] 弹幕 | 表哥[jar] (csp_Wobg)
  源 B: [gaotianliuyun] 弹幕 | 玩偶4k[jar] (csp_Wo4k)

【相似度 76.9%】序号 846
  源 A: [gaotianliuyun] 弹幕 | 老哥[jar] (csp_Wobg)
  源 B: [gaotianliuyun] 弹幕 | 玩偶4k[jar] (csp_Wo4k)

【相似度 76.9%】序号 847
  源 A: [gaotianliuyun] 弹幕 | 蜡笔[jar] (csp_Wobg)
  源 B: [gaotianliuyun] 弹幕 | 玩偶4k[jar] (csp_Wo4k)

【相似度 76.9%】序号 848
  源 A: [gaotianliuyun] 网盘 | 木偶哥哥[jar] (csp_Wobg)
  源 B: [gaotianliuyun] 网盘 | 秒搜[jar] (csp_MiaoSou)

【相似度 76.9%】序号 849
  源 A: [gaotianliuyun] 网盘 | 木偶哥哥[jar] (csp_Wobg)
  源 B: [gaotianliuyun] 网盘 | 千帆[jar] (csp_Qianfan)

【相似度 76.9%】序号 850
  源 A: [gaotianliuyun] 网盘 | 木偶哥哥[jar] (csp_Wobg)
  源 B: [gaotianliuyun] 网盘 | 小云[jar] (csp_YunSo)

【相似度 76.9%】序号 851
  源 A: [gaotianliuyun] 网盘 | 木偶哥哥[jar] (csp_Wobg)
  源 B: [gaotianliuyun] 网盘 | 云盘[jar] (csp_YunPanOne)

【相似度 76.9%】序号 852
  源 A: [gaotianliuyun] 网盘 | 土豆[jar] (csp_Wobg)
  源 B: [gaotianliuyun] 网盘 | TG搜索[jar] (csp_TGYunPan)

【相似度 76.9%】序号 853
  源 A: [gaotianliuyun] 网盘 | 土豆[jar] (csp_Wobg)
  源 B: [gaotianliuyun] 网盘 | 88网盘[jar] (csp_EightEight)

【相似度 76.9%】序号 854
  源 A: [gaotianliuyun] 网盘 | 小米[jar] (csp_Wobg)
  源 B: [gaotianliuyun] 网盘 | TG搜索[jar] (csp_TGYunPan)

【相似度 76.9%】序号 855
  源 A: [gaotianliuyun] 网盘 | 小米[jar] (csp_Wobg)
  源 B: [gaotianliuyun] 网盘 | 88网盘[jar] (csp_EightEight)

【相似度 76.9%】序号 856
  源 A: [gaotianliuyun] 弹幕 | 新视觉[jar] (csp_Xinshijue)
  源 B: [gaotianliuyun] 弹幕 | 不太灵[jar] (csp_Bt0)

【相似度 76.9%】序号 857
  源 A: [gaotianliuyun] 弹幕 | 新视觉[jar] (csp_Xinshijue)
  源 B: [gaotianliuyun] 弹幕 | 美剧迷[jar] (csp_Meijumi)

【相似度 76.9%】序号 858
  源 A: [gaotianliuyun] 弹幕 | 新视觉[jar] (csp_Xinshijue)
  源 B: [gaotianliuyun] 弹幕 | 皮皮虾[jar] (csp_Ppxzy)

【相似度 76.9%】序号 859
  源 A: [gaotianliuyun] 弹幕 | 新视觉[jar] (csp_Xinshijue)
  源 B: [gaotianliuyun] 弹幕 | 盘Ta[jar] (csp_Panta)

【相似度 76.9%】序号 860
  源 A: [gaotianliuyun] 弹幕 | 新视觉[jar] (csp_Xinshijue)
  源 B: [gaotianliuyun] 弹幕 | 小盘盘[jar] (csp_Xpanpan)

【相似度 76.9%】序号 861
  源 A: [gaotianliuyun] 弹幕 | 新视觉[jar] (csp_Xinshijue)
  源 B: [gaotianliuyun] 弹幕 | 高清网[jar] (csp_Gaoqing)

【相似度 76.9%】序号 862
  源 A: [gaotianliuyun] 弹幕 | 新视觉[jar] (csp_Xinshijue)
  源 B: [gaotianliuyun] 弹幕 | 音范丝[jar] (csp_Gaoqing)

【相似度 76.9%】序号 863
  源 A: [gaotianliuyun] 弹幕 | 不太灵[jar] (csp_Bt0)
  源 B: [gaotianliuyun] 弹幕 | 美剧迷[jar] (csp_Meijumi)

【相似度 76.9%】序号 864
  源 A: [gaotianliuyun] 弹幕 | 不太灵[jar] (csp_Bt0)
  源 B: [gaotianliuyun] 弹幕 | 皮皮虾[jar] (csp_Ppxzy)

【相似度 76.9%】序号 865
  源 A: [gaotianliuyun] 弹幕 | 不太灵[jar] (csp_Bt0)
  源 B: [gaotianliuyun] 弹幕 | 新6V[jar] (csp_Xb6v)

【相似度 76.9%】序号 866
  源 A: [gaotianliuyun] 弹幕 | 不太灵[jar] (csp_Bt0)
  源 B: [gaotianliuyun] 弹幕 | 盘Ta[jar] (csp_Panta)

【相似度 76.9%】序号 867
  源 A: [gaotianliuyun] 弹幕 | 不太灵[jar] (csp_Bt0)
  源 B: [gaotianliuyun] 弹幕 | 小盘盘[jar] (csp_Xpanpan)

【相似度 76.9%】序号 868
  源 A: [gaotianliuyun] 弹幕 | 不太灵[jar] (csp_Bt0)
  源 B: [gaotianliuyun] 弹幕 | 高清网[jar] (csp_Gaoqing)

【相似度 76.9%】序号 869
  源 A: [gaotianliuyun] 弹幕 | 不太灵[jar] (csp_Bt0)
  源 B: [gaotianliuyun] 弹幕 | 音范丝[jar] (csp_Gaoqing)

【相似度 76.9%】序号 870
  源 A: [gaotianliuyun] 弹幕 | 低端[jar] (csp_Ddys)
  源 B: [gaotianliuyun] 弹幕 | 玩偶4k[jar] (csp_Wo4k)

【相似度 76.9%】序号 871
  源 A: [gaotianliuyun] 弹幕 | 美剧迷[jar] (csp_Meijumi)
  源 B: [gaotianliuyun] 弹幕 | 皮皮虾[jar] (csp_Ppxzy)

【相似度 76.9%】序号 872
  源 A: [gaotianliuyun] 弹幕 | 美剧迷[jar] (csp_Meijumi)
  源 B: [gaotianliuyun] 弹幕 | 新6V[jar] (csp_Xb6v)

【相似度 76.9%】序号 873
  源 A: [gaotianliuyun] 弹幕 | 美剧迷[jar] (csp_Meijumi)
  源 B: [gaotianliuyun] 弹幕 | 盘Ta[jar] (csp_Panta)

【相似度 76.9%】序号 874
  源 A: [gaotianliuyun] 弹幕 | 美剧迷[jar] (csp_Meijumi)
  源 B: [gaotianliuyun] 弹幕 | 小盘盘[jar] (csp_Xpanpan)

【相似度 76.9%】序号 875
  源 A: [gaotianliuyun] 弹幕 | 美剧迷[jar] (csp_Meijumi)
  源 B: [gaotianliuyun] 弹幕 | 高清网[jar] (csp_Gaoqing)

【相似度 76.9%】序号 876
  源 A: [gaotianliuyun] 弹幕 | 美剧迷[jar] (csp_Meijumi)
  源 B: [gaotianliuyun] 弹幕 | 音范丝[jar] (csp_Gaoqing)

【相似度 76.9%】序号 877
  源 A: [gaotianliuyun] 弹幕 | 皮皮虾[jar] (csp_Ppxzy)
  源 B: [gaotianliuyun] 弹幕 | 新6V[jar] (csp_Xb6v)

【相似度 76.9%】序号 878
  源 A: [gaotianliuyun] 弹幕 | 皮皮虾[jar] (csp_Ppxzy)
  源 B: [gaotianliuyun] 弹幕 | 盘Ta[jar] (csp_Panta)

【相似度 76.9%】序号 879
  源 A: [gaotianliuyun] 弹幕 | 皮皮虾[jar] (csp_Ppxzy)
  源 B: [gaotianliuyun] 弹幕 | 小盘盘[jar] (csp_Xpanpan)

【相似度 76.9%】序号 880
  源 A: [gaotianliuyun] 弹幕 | 皮皮虾[jar] (csp_Ppxzy)
  源 B: [gaotianliuyun] 弹幕 | 高清网[jar] (csp_Gaoqing)

【相似度 76.9%】序号 881
  源 A: [gaotianliuyun] 弹幕 | 皮皮虾[jar] (csp_Ppxzy)
  源 B: [gaotianliuyun] 弹幕 | 音范丝[jar] (csp_Gaoqing)

【相似度 76.9%】序号 882
  源 A: [gaotianliuyun] 弹幕 | 新6V[jar] (csp_Xb6v)
  源 B: [gaotianliuyun] 弹幕 | 盘Ta[jar] (csp_Panta)

【相似度 76.9%】序号 883
  源 A: [gaotianliuyun] 弹幕 | 新6V[jar] (csp_Xb6v)
  源 B: [gaotianliuyun] 弹幕 | 小盘盘[jar] (csp_Xpanpan)

【相似度 76.9%】序号 884
  源 A: [gaotianliuyun] 弹幕 | 新6V[jar] (csp_Xb6v)
  源 B: [gaotianliuyun] 弹幕 | 高清网[jar] (csp_Gaoqing)

【相似度 76.9%】序号 885
  源 A: [gaotianliuyun] 弹幕 | 新6V[jar] (csp_Xb6v)
  源 B: [gaotianliuyun] 弹幕 | 音范丝[jar] (csp_Gaoqing)

【相似度 76.9%】序号 886
  源 A: [gaotianliuyun] 弹幕 | 校长[jar] (csp_XiaoZhang)
  源 B: [gaotianliuyun] 弹幕 | 玩偶4k[jar] (csp_Wo4k)

【相似度 76.9%】序号 887
  源 A: [gaotianliuyun] 弹幕 | 团长[jar] (csp_TZFile)
  源 B: [gaotianliuyun] 弹幕 | 玩偶4k[jar] (csp_Wo4k)

【相似度 76.9%】序号 888
  源 A: [gaotianliuyun] 弹幕 | 影巢[jar] (csp_Hdh)
  源 B: [gaotianliuyun] 弹幕 | 玩偶4k[jar] (csp_Wo4k)

【相似度 76.9%】序号 889
  源 A: [gaotianliuyun] 弹幕 | 盘Ta[jar] (csp_Panta)
  源 B: [gaotianliuyun] 弹幕 | 高清网[jar] (csp_Gaoqing)

【相似度 76.9%】序号 890
  源 A: [gaotianliuyun] 弹幕 | 盘Ta[jar] (csp_Panta)
  源 B: [gaotianliuyun] 弹幕 | 音范丝[jar] (csp_Gaoqing)

【相似度 76.9%】序号 891
  源 A: [gaotianliuyun] 弹幕 | 云盘[jar] (csp_YunPan)
  源 B: [gaotianliuyun] 弹幕 | 玩偶4k[jar] (csp_Wo4k)

【相似度 76.9%】序号 892
  源 A: [gaotianliuyun] 弹幕 | 小盘盘[jar] (csp_Xpanpan)
  源 B: [gaotianliuyun] 弹幕 | 高清网[jar] (csp_Gaoqing)

【相似度 76.9%】序号 893
  源 A: [gaotianliuyun] 弹幕 | 小盘盘[jar] (csp_Xpanpan)
  源 B: [gaotianliuyun] 弹幕 | 音范丝[jar] (csp_Gaoqing)

【相似度 76.9%】序号 894
  源 A: [gaotianliuyun] 网盘 | TG搜索[jar] (csp_TGYunPan)
  源 B: [gaotianliuyun] 网盘 | 千帆[jar] (csp_Qianfan)

【相似度 76.9%】序号 895
  源 A: [gaotianliuyun] 网盘 | TG搜索[jar] (csp_TGYunPan)
  源 B: [gaotianliuyun] 网盘 | 小云[jar] (csp_YunSo)

【相似度 76.9%】序号 896
  源 A: [gaotianliuyun] 网盘 | TG搜索[jar] (csp_TGYunPan)
  源 B: [gaotianliuyun] 网盘 | 云盘[jar] (csp_YunPanOne)

【相似度 76.9%】序号 897
  源 A: [gaotianliuyun] 网盘 | 88网盘[jar] (csp_EightEight)
  源 B: [gaotianliuyun] 网盘 | 秒搜[jar] (csp_MiaoSou)

【相似度 76.9%】序号 898
  源 A: [gaotianliuyun] 网盘 | 88网盘[jar] (csp_EightEight)
  源 B: [gaotianliuyun] 网盘 | 千帆[jar] (csp_Qianfan)

【相似度 76.9%】序号 899
  源 A: [gaotianliuyun] 网盘 | 88网盘[jar] (csp_EightEight)
  源 B: [gaotianliuyun] 网盘 | 小云[jar] (csp_YunSo)

【相似度 76.9%】序号 900
  源 A: [gaotianliuyun] 网盘 | 皮卡搜[jar] (csp_PikaSo)
  源 B: [gaotianliuyun] 网盘 | 混合盘[jar] (csp_HunHePan)

【相似度 76.9%】序号 901
  源 A: [gaotianliuyun] 阿里 | 纸条[jar] (csp_Gitcafe)
  源 B: [gaotianliuyun] 阿里 | up云搜[jar] (csp_UpYun)

【相似度 76.9%】序号 902
  源 A: [gaotianliuyun] 阿里 | 小紙條[jar] (csp_XiaoZhiTiao)
  源 B: [gaotianliuyun] 阿里 | 盤搜索[jar] (csp_PanSearch)

【相似度 76.9%】序号 903
  源 A: [gaotianliuyun] 阿里 | 小紙條[jar] (csp_XiaoZhiTiao)
  源 B: [gaotianliuyun] 阿里 | 找資源[jar] (csp_Zhaozy)

【相似度 76.9%】序号 904
  源 A: [gaotianliuyun] 阿里 | 七夜[jar] (csp_Dovx)
  源 B: [gaotianliuyun] 阿里 | up云搜[jar] (csp_UpYun)

【相似度 76.9%】序号 905
  源 A: [gaotianliuyun] 阿里 | 盤搜索[jar] (csp_PanSearch)
  源 B: [gaotianliuyun] 阿里 | 找資源[jar] (csp_Zhaozy)

【相似度 76.9%】序号 906
  源 A: [gaotianliuyun] 阿里 | 盘搜[jar] (csp_PanSou)
  源 B: [gaotianliuyun] 夸克  | 趣盘搜[jar] (csp_Funletu)

【相似度 76.9%】序号 907
  源 A: [gaotianliuyun] 夸克  | 趣盘搜[jar] (csp_Funletu)
  源 B: [gaotianliuyun] 夸克 | 爱盘搜[js] (./lib/drpy2.min.js)

【相似度 76.5%】序号 908
  源 A: [接口] ☁TgSearchQuark┃网盘 (csp_TgSearchQuark)
  源 B: [接口] ☁TgSearchBaidu┃网盘 (csp_TgSearchBaidu)

【相似度 76.2%】序号 909
  源 A: [00000] 影视-鬼片之家(T4) (https://catbox.n13.club/ai/guipian360.php)
  源 B: [00000] 影视-荐片2(T4) (https://catbox.n13.club/t9/jianpian2.php)

【相似度 76.2%】序号 910
  源 A: [noimank] 💕新飘花电影网(磁力) (csp_BTPiaoHua)
  源 B: [noimank] 💕6V电影网(磁力) (csp_SixV)

【相似度 75.9%】序号 911
  源 A: [gaotianliuyun] 弹幕 | 4KHDR[jar] (csp_FourKHDR)
  源 B: [gaotianliuyun] 弹幕 | 玩偶4k[jar] (csp_Wo4k)

【相似度 75.9%】序号 912
  源 A: [gaotianliuyun] 弹幕 | 4KHDR[jar] (csp_FourKHDR)
  源 B: [gaotianliuyun] 磁力 | 4KHDR[js] (./lib/drpy2.min.js)

【相似度 75.0%】序号 913
  源 A: [王二小] 💓‍玩偶┃4K💓‍ (csp_AiNewWoggGuard)
  源 B: [王二小] 💓木偶┃4K💓 (csp_AiNewMuOuGuard)

【相似度 75.0%】序号 914
  源 A: [王二小] 💓‍玩偶┃4K💓‍ (csp_AiNewWoggGuard)
  源 B: [牛儿] 💓木偶┃4K💓 (csp_WexmuouggGuard)

【相似度 75.0%】序号 915
  源 A: [王二小] 💓盘库┃4K💓 (csp_AiNewPianKuGuard)
  源 B: [王二小] 💓‍原盘┃4K💓‍ (csp_AiNewZhiNan4KGuard)

【相似度 75.0%】序号 916
  源 A: [王二小] 💓木偶┃4K💓 (csp_AiNewMuOuGuard)
  源 B: [牛儿] 💓‍玩偶┃4K💓‍ (csp_WoggGuard)

【相似度 75.0%】序号 917
  源 A: [王二小] 💓‍原盘┃4K💓‍ (csp_AiNewZhiNan4KGuard)
  源 B: [王二小] 💓盘迷┃4K💓 (csp_AiPan1MeGuard)

【相似度 75.0%】序号 918
  源 A: [王二小] 🎃‍小红┃听书🎃 (csp_BookHongGuoGuard)
  源 B: [王二小] 🎃‍极品┃听书🎃 (csp_BookAiShiJieGuard)

【相似度 75.0%】序号 919
  源 A: [王二小] 🎃‍小红┃听书🎃 (csp_BookHongGuoGuard)
  源 B: [王二小] 🎃‍悦庭┃听书🎃 (csp_BookAiYueTingGuard)

【相似度 75.0%】序号 920
  源 A: [王二小] 🎃‍小红┃听书🎃 (csp_BookHongGuoGuard)
  源 B: [王二小] 🎃‍爱上┃听书🎃 (csp_BookAi23TingShuGuard)

【相似度 75.0%】序号 921
  源 A: [王二小] 🎃‍小红┃听书🎃 (csp_BookHongGuoGuard)
  源 B: [牛儿] 🎃‍白兔┃听书🎃 (csp_WexlaobaitingshuGuard)

【相似度 75.0%】序号 922
  源 A: [王二小] 🎃‍小红┃听书🎃 (csp_BookHongGuoGuard)
  源 B: [牛儿] 🎃‍极品┃听书🎃 (csp_Wex275tingshuGuard)

【相似度 75.0%】序号 923
  源 A: [王二小] 🎃‍小马┃听书🎃 (csp_BookHeMaGuard)
  源 B: [王二小] 🎃‍极品┃听书🎃 (csp_BookAiShiJieGuard)

【相似度 75.0%】序号 924
  源 A: [王二小] 🎃‍小马┃听书🎃 (csp_BookHeMaGuard)
  源 B: [王二小] 🎃‍悦庭┃听书🎃 (csp_BookAiYueTingGuard)

【相似度 75.0%】序号 925
  源 A: [王二小] 🎃‍小马┃听书🎃 (csp_BookHeMaGuard)
  源 B: [王二小] 🎃‍爱上┃听书🎃 (csp_BookAi23TingShuGuard)

【相似度 75.0%】序号 926
  源 A: [王二小] 🎃‍小马┃听书🎃 (csp_BookHeMaGuard)
  源 B: [牛儿] 🎃‍白兔┃听书🎃 (csp_WexlaobaitingshuGuard)

【相似度 75.0%】序号 927
  源 A: [王二小] 🎃‍小马┃听书🎃 (csp_BookHeMaGuard)
  源 B: [牛儿] 🎃‍极品┃听书🎃 (csp_Wex275tingshuGuard)

【相似度 75.0%】序号 928
  源 A: [王二小] 🎃‍极品┃听书🎃 (csp_BookAiShiJieGuard)
  源 B: [王二小] 🎃‍悦庭┃听书🎃 (csp_BookAiYueTingGuard)

【相似度 75.0%】序号 929
  源 A: [王二小] 🎃‍极品┃听书🎃 (csp_BookAiShiJieGuard)
  源 B: [王二小] 🎃‍爱上┃听书🎃 (csp_BookAi23TingShuGuard)

【相似度 75.0%】序号 930
  源 A: [王二小] 🎃‍极品┃听书🎃 (csp_BookAiShiJieGuard)
  源 B: [牛儿] 🎃‍白兔┃听书🎃 (csp_WexlaobaitingshuGuard)

【相似度 75.0%】序号 931
  源 A: [王二小] 🎃‍悦庭┃听书🎃 (csp_BookAiYueTingGuard)
  源 B: [王二小] 🎃‍爱上┃听书🎃 (csp_BookAi23TingShuGuard)

【相似度 75.0%】序号 932
  源 A: [王二小] 🎃‍悦庭┃听书🎃 (csp_BookAiYueTingGuard)
  源 B: [牛儿] 🎃‍白兔┃听书🎃 (csp_WexlaobaitingshuGuard)

【相似度 75.0%】序号 933
  源 A: [王二小] 🎃‍悦庭┃听书🎃 (csp_BookAiYueTingGuard)
  源 B: [牛儿] 🎃‍极品┃听书🎃 (csp_Wex275tingshuGuard)

【相似度 75.0%】序号 934
  源 A: [王二小] 🎃‍爱上┃听书🎃 (csp_BookAi23TingShuGuard)
  源 B: [牛儿] 🎃‍白兔┃听书🎃 (csp_WexlaobaitingshuGuard)

【相似度 75.0%】序号 935
  源 A: [王二小] 🎃‍爱上┃听书🎃 (csp_BookAi23TingShuGuard)
  源 B: [牛儿] 🎃‍极品┃听书🎃 (csp_Wex275tingshuGuard)

【相似度 75.0%】序号 936
  源 A: [王二小] 🎼KTV┃音乐🎼 (csp_MusicAiIKtvGuard)
  源 B: [牛儿] 🎤KTV┃音乐🎤 (csp_WexIktvGuard)

【相似度 75.0%】序号 937
  源 A: [王二小] 🅱哔哩┃影视🅱 (csp_BiliYsGuard)
  源 B: [牛儿] 🅱‍哔哔┃影视🅱‍ (csp_WexbiliysGuard)

【相似度 75.0%】序号 938
  源 A: [俊哥接口] 360 (csp_SP360)
  源 B: [5] 360影视 (https://gh-proxy.com/https://gh-proxy.org/https://raw.github.com/tly824/TvBoxx/master/js/drpy2.min.js)

【相似度 75.0%】序号 939
  源 A: [俊哥接口] 360 (csp_SP360)
  源 B: [5] 360资源 (https://360zy.com/api.php/provide/vod/at/json)

【相似度 75.0%】序号 940
  源 A: [俊哥接口] 南瓜影视 (csp_XBPQ)
  源 B: [5] 柯南影视 (https://gh-proxy.com/https://ghfast.top/https://raw.githubusercontent.com/FGBLH/HKL/refs/heads/main/py/柯南影视.py)

【相似度 75.0%】序号 941
  源 A: [俊哥接口] 南瓜影视 (csp_XBPQ)
  源 B: [00000] 瓜子影视 (https://catbox.n13.club/ai/瓜子影视.php)

【相似度 75.0%】序号 942
  源 A: [潇洒] 热播 • APP (csp_AppRJ)
  源 B: [潇洒] 一起 • APP (csp_AppYQK)

【相似度 75.0%】序号 943
  源 A: [潇洒] 热播 • APP (csp_AppRJ)
  源 B: [潇洒] 咕噜 • APP (csp_Gulu)

【相似度 75.0%】序号 944
  源 A: [潇洒] 热播 • APP (csp_AppRJ)
  源 B: [潇洒] 布布 • APP (csp_YunDuo)

【相似度 75.0%】序号 945
  源 A: [潇洒] 热播 • APP (csp_AppRJ)
  源 B: [潇洒] 马猴 • APP (csp_App3Q)

【相似度 75.0%】序号 946
  源 A: [潇洒] 热播 • APP (csp_AppRJ)
  源 B: [潇洒] 韩圈 • APP (csp_Hxq)

【相似度 75.0%】序号 947
  源 A: [潇洒] 热播 • APP (csp_AppRJ)
  源 B: [潇洒] 剧圈 • APP (csp_App99)

【相似度 75.0%】序号 948
  源 A: [潇洒] 热播 • APP (csp_AppRJ)
  源 B: [潇洒] 半日 • APP (csp_App99)

【相似度 75.0%】序号 949
  源 A: [潇洒] 热播 • APP (csp_AppRJ)
  源 B: [潇洒] 天堂 • APP (csp_AppDrama)

【相似度 75.0%】序号 950
  源 A: [潇洒] 热播 • APP (csp_AppRJ)
  源 B: [潇洒] 橘汁 • APP (csp_AppDrama)

【相似度 75.0%】序号 951
  源 A: [潇洒] 热播 • APP (csp_AppRJ)
  源 B: [潇洒] 华谊 • APP (csp_AppDrama)

【相似度 75.0%】序号 952
  源 A: [潇洒] 热播 • APP (csp_AppRJ)
  源 B: [潇洒] 苹果 • APP (csp_AppDrama)

【相似度 75.0%】序号 953
  源 A: [潇洒] 热播 • APP (csp_AppRJ)
  源 B: [潇洒] 蓝鹰 • APP (csp_AppQi)

【相似度 75.0%】序号 954
  源 A: [潇洒] 热播 • APP (csp_AppRJ)
  源 B: [潇洒] 蓝鸟 • APP (csp_AppQi)

【相似度 75.0%】序号 955
  源 A: [潇洒] 热播 • APP (csp_AppRJ)
  源 B: [潇洒] 世界 • APP (csp_AppGet)

【相似度 75.0%】序号 956
  源 A: [潇洒] 热播 • APP (csp_AppRJ)
  源 B: [潇洒] 魔方 • APP (csp_AppGet)

【相似度 75.0%】序号 957
  源 A: [潇洒] 热播 • APP (csp_AppRJ)
  源 B: [潇洒] 王子 • APP (csp_AppGet)

【相似度 75.0%】序号 958
  源 A: [潇洒] 热播 • APP (csp_AppRJ)
  源 B: [潇洒] 茉莉 • APP (csp_AppGet)

【相似度 75.0%】序号 959
  源 A: [潇洒] 一起 • APP (csp_AppYQK)
  源 B: [潇洒] 咕噜 • APP (csp_Gulu)

【相似度 75.0%】序号 960
  源 A: [潇洒] 一起 • APP (csp_AppYQK)
  源 B: [潇洒] 布布 • APP (csp_YunDuo)

【相似度 75.0%】序号 961
  源 A: [潇洒] 一起 • APP (csp_AppYQK)
  源 B: [潇洒] 马猴 • APP (csp_App3Q)

【相似度 75.0%】序号 962
  源 A: [潇洒] 一起 • APP (csp_AppYQK)
  源 B: [潇洒] 韩圈 • APP (csp_Hxq)

【相似度 75.0%】序号 963
  源 A: [潇洒] 一起 • APP (csp_AppYQK)
  源 B: [潇洒] 剧圈 • APP (csp_App99)

【相似度 75.0%】序号 964
  源 A: [潇洒] 一起 • APP (csp_AppYQK)
  源 B: [潇洒] 半日 • APP (csp_App99)

【相似度 75.0%】序号 965
  源 A: [潇洒] 一起 • APP (csp_AppYQK)
  源 B: [潇洒] 天堂 • APP (csp_AppDrama)

【相似度 75.0%】序号 966
  源 A: [潇洒] 一起 • APP (csp_AppYQK)
  源 B: [潇洒] 橘汁 • APP (csp_AppDrama)

【相似度 75.0%】序号 967
  源 A: [潇洒] 一起 • APP (csp_AppYQK)
  源 B: [潇洒] 华谊 • APP (csp_AppDrama)

【相似度 75.0%】序号 968
  源 A: [潇洒] 一起 • APP (csp_AppYQK)
  源 B: [潇洒] 苹果 • APP (csp_AppDrama)

【相似度 75.0%】序号 969
  源 A: [潇洒] 一起 • APP (csp_AppYQK)
  源 B: [潇洒] 蓝鹰 • APP (csp_AppQi)

【相似度 75.0%】序号 970
  源 A: [潇洒] 一起 • APP (csp_AppYQK)
  源 B: [潇洒] 蓝鸟 • APP (csp_AppQi)

【相似度 75.0%】序号 971
  源 A: [潇洒] 一起 • APP (csp_AppYQK)
  源 B: [潇洒] 世界 • APP (csp_AppGet)

【相似度 75.0%】序号 972
  源 A: [潇洒] 一起 • APP (csp_AppYQK)
  源 B: [潇洒] 魔方 • APP (csp_AppGet)

【相似度 75.0%】序号 973
  源 A: [潇洒] 一起 • APP (csp_AppYQK)
  源 B: [潇洒] 王子 • APP (csp_AppGet)

【相似度 75.0%】序号 974
  源 A: [潇洒] 一起 • APP (csp_AppYQK)
  源 B: [潇洒] 茉莉 • APP (csp_AppGet)

【相似度 75.0%】序号 975
  源 A: [潇洒] 咕噜 • APP (csp_Gulu)
  源 B: [潇洒] 布布 • APP (csp_YunDuo)

【相似度 75.0%】序号 976
  源 A: [潇洒] 咕噜 • APP (csp_Gulu)
  源 B: [潇洒] 马猴 • APP (csp_App3Q)

【相似度 75.0%】序号 977
  源 A: [潇洒] 咕噜 • APP (csp_Gulu)
  源 B: [潇洒] 韩圈 • APP (csp_Hxq)

【相似度 75.0%】序号 978
  源 A: [潇洒] 咕噜 • APP (csp_Gulu)
  源 B: [潇洒] 剧圈 • APP (csp_App99)

【相似度 75.0%】序号 979
  源 A: [潇洒] 咕噜 • APP (csp_Gulu)
  源 B: [潇洒] 半日 • APP (csp_App99)

【相似度 75.0%】序号 980
  源 A: [潇洒] 咕噜 • APP (csp_Gulu)
  源 B: [潇洒] 天堂 • APP (csp_AppDrama)

【相似度 75.0%】序号 981
  源 A: [潇洒] 咕噜 • APP (csp_Gulu)
  源 B: [潇洒] 橘汁 • APP (csp_AppDrama)

【相似度 75.0%】序号 982
  源 A: [潇洒] 咕噜 • APP (csp_Gulu)
  源 B: [潇洒] 华谊 • APP (csp_AppDrama)

【相似度 75.0%】序号 983
  源 A: [潇洒] 咕噜 • APP (csp_Gulu)
  源 B: [潇洒] 苹果 • APP (csp_AppDrama)

【相似度 75.0%】序号 984
  源 A: [潇洒] 咕噜 • APP (csp_Gulu)
  源 B: [潇洒] 蓝鹰 • APP (csp_AppQi)

【相似度 75.0%】序号 985
  源 A: [潇洒] 咕噜 • APP (csp_Gulu)
  源 B: [潇洒] 蓝鸟 • APP (csp_AppQi)

【相似度 75.0%】序号 986
  源 A: [潇洒] 咕噜 • APP (csp_Gulu)
  源 B: [潇洒] 世界 • APP (csp_AppGet)

【相似度 75.0%】序号 987
  源 A: [潇洒] 咕噜 • APP (csp_Gulu)
  源 B: [潇洒] 魔方 • APP (csp_AppGet)

【相似度 75.0%】序号 988
  源 A: [潇洒] 咕噜 • APP (csp_Gulu)
  源 B: [潇洒] 王子 • APP (csp_AppGet)

【相似度 75.0%】序号 989
  源 A: [潇洒] 咕噜 • APP (csp_Gulu)
  源 B: [潇洒] 茉莉 • APP (csp_AppGet)

【相似度 75.0%】序号 990
  源 A: [潇洒] 布布 • APP (csp_YunDuo)
  源 B: [潇洒] 马猴 • APP (csp_App3Q)

【相似度 75.0%】序号 991
  源 A: [潇洒] 布布 • APP (csp_YunDuo)
  源 B: [潇洒] 韩圈 • APP (csp_Hxq)

【相似度 75.0%】序号 992
  源 A: [潇洒] 布布 • APP (csp_YunDuo)
  源 B: [潇洒] 剧圈 • APP (csp_App99)

【相似度 75.0%】序号 993
  源 A: [潇洒] 布布 • APP (csp_YunDuo)
  源 B: [潇洒] 半日 • APP (csp_App99)

【相似度 75.0%】序号 994
  源 A: [潇洒] 布布 • APP (csp_YunDuo)
  源 B: [潇洒] 天堂 • APP (csp_AppDrama)

【相似度 75.0%】序号 995
  源 A: [潇洒] 布布 • APP (csp_YunDuo)
  源 B: [潇洒] 橘汁 • APP (csp_AppDrama)

【相似度 75.0%】序号 996
  源 A: [潇洒] 布布 • APP (csp_YunDuo)
  源 B: [潇洒] 华谊 • APP (csp_AppDrama)

【相似度 75.0%】序号 997
  源 A: [潇洒] 布布 • APP (csp_YunDuo)
  源 B: [潇洒] 苹果 • APP (csp_AppDrama)

【相似度 75.0%】序号 998
  源 A: [潇洒] 布布 • APP (csp_YunDuo)
  源 B: [潇洒] 蓝鹰 • APP (csp_AppQi)

【相似度 75.0%】序号 999
  源 A: [潇洒] 布布 • APP (csp_YunDuo)
  源 B: [潇洒] 蓝鸟 • APP (csp_AppQi)

【相似度 75.0%】序号 1000
  源 A: [潇洒] 布布 • APP (csp_YunDuo)
  源 B: [潇洒] 世界 • APP (csp_AppGet)

【相似度 75.0%】序号 1001
  源 A: [潇洒] 布布 • APP (csp_YunDuo)
  源 B: [潇洒] 魔方 • APP (csp_AppGet)

【相似度 75.0%】序号 1002
  源 A: [潇洒] 布布 • APP (csp_YunDuo)
  源 B: [潇洒] 王子 • APP (csp_AppGet)

【相似度 75.0%】序号 1003
  源 A: [潇洒] 布布 • APP (csp_YunDuo)
  源 B: [潇洒] 茉莉 • APP (csp_AppGet)

【相似度 75.0%】序号 1004
  源 A: [潇洒] 马猴 • APP (csp_App3Q)
  源 B: [潇洒] 韩圈 • APP (csp_Hxq)

【相似度 75.0%】序号 1005
  源 A: [潇洒] 马猴 • APP (csp_App3Q)
  源 B: [潇洒] 剧圈 • APP (csp_App99)

【相似度 75.0%】序号 1006
  源 A: [潇洒] 马猴 • APP (csp_App3Q)
  源 B: [潇洒] 半日 • APP (csp_App99)

【相似度 75.0%】序号 1007
  源 A: [潇洒] 马猴 • APP (csp_App3Q)
  源 B: [潇洒] 天堂 • APP (csp_AppDrama)

【相似度 75.0%】序号 1008
  源 A: [潇洒] 马猴 • APP (csp_App3Q)
  源 B: [潇洒] 橘汁 • APP (csp_AppDrama)

【相似度 75.0%】序号 1009
  源 A: [潇洒] 马猴 • APP (csp_App3Q)
  源 B: [潇洒] 华谊 • APP (csp_AppDrama)

【相似度 75.0%】序号 1010
  源 A: [潇洒] 马猴 • APP (csp_App3Q)
  源 B: [潇洒] 苹果 • APP (csp_AppDrama)

【相似度 75.0%】序号 1011
  源 A: [潇洒] 马猴 • APP (csp_App3Q)
  源 B: [潇洒] 蓝鹰 • APP (csp_AppQi)

【相似度 75.0%】序号 1012
  源 A: [潇洒] 马猴 • APP (csp_App3Q)
  源 B: [潇洒] 蓝鸟 • APP (csp_AppQi)

【相似度 75.0%】序号 1013
  源 A: [潇洒] 马猴 • APP (csp_App3Q)
  源 B: [潇洒] 世界 • APP (csp_AppGet)

【相似度 75.0%】序号 1014
  源 A: [潇洒] 马猴 • APP (csp_App3Q)
  源 B: [潇洒] 魔方 • APP (csp_AppGet)

【相似度 75.0%】序号 1015
  源 A: [潇洒] 马猴 • APP (csp_App3Q)
  源 B: [潇洒] 王子 • APP (csp_AppGet)

【相似度 75.0%】序号 1016
  源 A: [潇洒] 马猴 • APP (csp_App3Q)
  源 B: [潇洒] 茉莉 • APP (csp_AppGet)

【相似度 75.0%】序号 1017
  源 A: [潇洒] 韩圈 • APP (csp_Hxq)
  源 B: [潇洒] 半日 • APP (csp_App99)

【相似度 75.0%】序号 1018
  源 A: [潇洒] 韩圈 • APP (csp_Hxq)
  源 B: [潇洒] 天堂 • APP (csp_AppDrama)

【相似度 75.0%】序号 1019
  源 A: [潇洒] 韩圈 • APP (csp_Hxq)
  源 B: [潇洒] 橘汁 • APP (csp_AppDrama)

【相似度 75.0%】序号 1020
  源 A: [潇洒] 韩圈 • APP (csp_Hxq)
  源 B: [潇洒] 华谊 • APP (csp_AppDrama)

【相似度 75.0%】序号 1021
  源 A: [潇洒] 韩圈 • APP (csp_Hxq)
  源 B: [潇洒] 苹果 • APP (csp_AppDrama)

【相似度 75.0%】序号 1022
  源 A: [潇洒] 韩圈 • APP (csp_Hxq)
  源 B: [潇洒] 蓝鹰 • APP (csp_AppQi)

【相似度 75.0%】序号 1023
  源 A: [潇洒] 韩圈 • APP (csp_Hxq)
  源 B: [潇洒] 蓝鸟 • APP (csp_AppQi)

【相似度 75.0%】序号 1024
  源 A: [潇洒] 韩圈 • APP (csp_Hxq)
  源 B: [潇洒] 世界 • APP (csp_AppGet)

【相似度 75.0%】序号 1025
  源 A: [潇洒] 韩圈 • APP (csp_Hxq)
  源 B: [潇洒] 魔方 • APP (csp_AppGet)

【相似度 75.0%】序号 1026
  源 A: [潇洒] 韩圈 • APP (csp_Hxq)
  源 B: [潇洒] 王子 • APP (csp_AppGet)

【相似度 75.0%】序号 1027
  源 A: [潇洒] 韩圈 • APP (csp_Hxq)
  源 B: [潇洒] 茉莉 • APP (csp_AppGet)

【相似度 75.0%】序号 1028
  源 A: [潇洒] 剧圈 • APP (csp_App99)
  源 B: [潇洒] 天堂 • APP (csp_AppDrama)

【相似度 75.0%】序号 1029
  源 A: [潇洒] 剧圈 • APP (csp_App99)
  源 B: [潇洒] 橘汁 • APP (csp_AppDrama)

【相似度 75.0%】序号 1030
  源 A: [潇洒] 剧圈 • APP (csp_App99)
  源 B: [潇洒] 华谊 • APP (csp_AppDrama)

【相似度 75.0%】序号 1031
  源 A: [潇洒] 剧圈 • APP (csp_App99)
  源 B: [潇洒] 苹果 • APP (csp_AppDrama)

【相似度 75.0%】序号 1032
  源 A: [潇洒] 剧圈 • APP (csp_App99)
  源 B: [潇洒] 蓝鹰 • APP (csp_AppQi)

【相似度 75.0%】序号 1033
  源 A: [潇洒] 剧圈 • APP (csp_App99)
  源 B: [潇洒] 蓝鸟 • APP (csp_AppQi)

【相似度 75.0%】序号 1034
  源 A: [潇洒] 剧圈 • APP (csp_App99)
  源 B: [潇洒] 世界 • APP (csp_AppGet)

【相似度 75.0%】序号 1035
  源 A: [潇洒] 剧圈 • APP (csp_App99)
  源 B: [潇洒] 魔方 • APP (csp_AppGet)

【相似度 75.0%】序号 1036
  源 A: [潇洒] 剧圈 • APP (csp_App99)
  源 B: [潇洒] 王子 • APP (csp_AppGet)

【相似度 75.0%】序号 1037
  源 A: [潇洒] 剧圈 • APP (csp_App99)
  源 B: [潇洒] 茉莉 • APP (csp_AppGet)

【相似度 75.0%】序号 1038
  源 A: [潇洒] 半日 • APP (csp_App99)
  源 B: [潇洒] 天堂 • APP (csp_AppDrama)

【相似度 75.0%】序号 1039
  源 A: [潇洒] 半日 • APP (csp_App99)
  源 B: [潇洒] 橘汁 • APP (csp_AppDrama)

【相似度 75.0%】序号 1040
  源 A: [潇洒] 半日 • APP (csp_App99)
  源 B: [潇洒] 华谊 • APP (csp_AppDrama)

【相似度 75.0%】序号 1041
  源 A: [潇洒] 半日 • APP (csp_App99)
  源 B: [潇洒] 苹果 • APP (csp_AppDrama)

【相似度 75.0%】序号 1042
  源 A: [潇洒] 半日 • APP (csp_App99)
  源 B: [潇洒] 蓝鹰 • APP (csp_AppQi)

【相似度 75.0%】序号 1043
  源 A: [潇洒] 半日 • APP (csp_App99)
  源 B: [潇洒] 蓝鸟 • APP (csp_AppQi)

【相似度 75.0%】序号 1044
  源 A: [潇洒] 半日 • APP (csp_App99)
  源 B: [潇洒] 世界 • APP (csp_AppGet)

【相似度 75.0%】序号 1045
  源 A: [潇洒] 半日 • APP (csp_App99)
  源 B: [潇洒] 魔方 • APP (csp_AppGet)

【相似度 75.0%】序号 1046
  源 A: [潇洒] 半日 • APP (csp_App99)
  源 B: [潇洒] 王子 • APP (csp_AppGet)

【相似度 75.0%】序号 1047
  源 A: [潇洒] 半日 • APP (csp_App99)
  源 B: [潇洒] 茉莉 • APP (csp_AppGet)

【相似度 75.0%】序号 1048
  源 A: [潇洒] 天堂 • APP (csp_AppDrama)
  源 B: [潇洒] 蓝鹰 • APP (csp_AppQi)

【相似度 75.0%】序号 1049
  源 A: [潇洒] 天堂 • APP (csp_AppDrama)
  源 B: [潇洒] 蓝鸟 • APP (csp_AppQi)

【相似度 75.0%】序号 1050
  源 A: [潇洒] 天堂 • APP (csp_AppDrama)
  源 B: [潇洒] 世界 • APP (csp_AppGet)

【相似度 75.0%】序号 1051
  源 A: [潇洒] 天堂 • APP (csp_AppDrama)
  源 B: [潇洒] 魔方 • APP (csp_AppGet)

【相似度 75.0%】序号 1052
  源 A: [潇洒] 天堂 • APP (csp_AppDrama)
  源 B: [潇洒] 王子 • APP (csp_AppGet)

【相似度 75.0%】序号 1053
  源 A: [潇洒] 天堂 • APP (csp_AppDrama)
  源 B: [潇洒] 茉莉 • APP (csp_AppGet)

【相似度 75.0%】序号 1054
  源 A: [潇洒] 橘汁 • APP (csp_AppDrama)
  源 B: [潇洒] 蓝鹰 • APP (csp_AppQi)

【相似度 75.0%】序号 1055
  源 A: [潇洒] 橘汁 • APP (csp_AppDrama)
  源 B: [潇洒] 蓝鸟 • APP (csp_AppQi)

【相似度 75.0%】序号 1056
  源 A: [潇洒] 橘汁 • APP (csp_AppDrama)
  源 B: [潇洒] 世界 • APP (csp_AppGet)

【相似度 75.0%】序号 1057
  源 A: [潇洒] 橘汁 • APP (csp_AppDrama)
  源 B: [潇洒] 魔方 • APP (csp_AppGet)

【相似度 75.0%】序号 1058
  源 A: [潇洒] 橘汁 • APP (csp_AppDrama)
  源 B: [潇洒] 王子 • APP (csp_AppGet)

【相似度 75.0%】序号 1059
  源 A: [潇洒] 橘汁 • APP (csp_AppDrama)
  源 B: [潇洒] 茉莉 • APP (csp_AppGet)

【相似度 75.0%】序号 1060
  源 A: [潇洒] 华谊 • APP (csp_AppDrama)
  源 B: [潇洒] 蓝鹰 • APP (csp_AppQi)

【相似度 75.0%】序号 1061
  源 A: [潇洒] 华谊 • APP (csp_AppDrama)
  源 B: [潇洒] 蓝鸟 • APP (csp_AppQi)

【相似度 75.0%】序号 1062
  源 A: [潇洒] 华谊 • APP (csp_AppDrama)
  源 B: [潇洒] 世界 • APP (csp_AppGet)

【相似度 75.0%】序号 1063
  源 A: [潇洒] 华谊 • APP (csp_AppDrama)
  源 B: [潇洒] 魔方 • APP (csp_AppGet)

【相似度 75.0%】序号 1064
  源 A: [潇洒] 华谊 • APP (csp_AppDrama)
  源 B: [潇洒] 王子 • APP (csp_AppGet)

【相似度 75.0%】序号 1065
  源 A: [潇洒] 华谊 • APP (csp_AppDrama)
  源 B: [潇洒] 茉莉 • APP (csp_AppGet)

【相似度 75.0%】序号 1066
  源 A: [潇洒] 苹果 • APP (csp_AppDrama)
  源 B: [潇洒] 蓝鹰 • APP (csp_AppQi)

【相似度 75.0%】序号 1067
  源 A: [潇洒] 苹果 • APP (csp_AppDrama)
  源 B: [潇洒] 蓝鸟 • APP (csp_AppQi)

【相似度 75.0%】序号 1068
  源 A: [潇洒] 苹果 • APP (csp_AppDrama)
  源 B: [潇洒] 世界 • APP (csp_AppGet)

【相似度 75.0%】序号 1069
  源 A: [潇洒] 苹果 • APP (csp_AppDrama)
  源 B: [潇洒] 魔方 • APP (csp_AppGet)

【相似度 75.0%】序号 1070
  源 A: [潇洒] 苹果 • APP (csp_AppDrama)
  源 B: [潇洒] 王子 • APP (csp_AppGet)

【相似度 75.0%】序号 1071
  源 A: [潇洒] 苹果 • APP (csp_AppDrama)
  源 B: [潇洒] 茉莉 • APP (csp_AppGet)

【相似度 75.0%】序号 1072
  源 A: [潇洒] 蓝鹰 • APP (csp_AppQi)
  源 B: [潇洒] 世界 • APP (csp_AppGet)

【相似度 75.0%】序号 1073
  源 A: [潇洒] 蓝鹰 • APP (csp_AppQi)
  源 B: [潇洒] 魔方 • APP (csp_AppGet)

【相似度 75.0%】序号 1074
  源 A: [潇洒] 蓝鹰 • APP (csp_AppQi)
  源 B: [潇洒] 王子 • APP (csp_AppGet)

【相似度 75.0%】序号 1075
  源 A: [潇洒] 蓝鹰 • APP (csp_AppQi)
  源 B: [潇洒] 茉莉 • APP (csp_AppGet)

【相似度 75.0%】序号 1076
  源 A: [潇洒] 蓝鸟 • APP (csp_AppQi)
  源 B: [潇洒] 世界 • APP (csp_AppGet)

【相似度 75.0%】序号 1077
  源 A: [潇洒] 蓝鸟 • APP (csp_AppQi)
  源 B: [潇洒] 魔方 • APP (csp_AppGet)

【相似度 75.0%】序号 1078
  源 A: [潇洒] 蓝鸟 • APP (csp_AppQi)
  源 B: [潇洒] 王子 • APP (csp_AppGet)

【相似度 75.0%】序号 1079
  源 A: [潇洒] 蓝鸟 • APP (csp_AppQi)
  源 B: [潇洒] 茉莉 • APP (csp_AppGet)

【相似度 75.0%】序号 1080
  源 A: [潇洒] 兔小贝 • 儿童 (csp_TuXiaoBei)
  源 B: [潇洒] 贝乐虎 • 儿童 (csp_BeiLeHu)

【相似度 75.0%】序号 1081
  源 A: [荐片] 🍇官源┃优酷[js] (./lib/drpy2.min.js)
  源 B: [直播] 优酷[js] (https://gh-proxy.com/https://raw.githubusercontent.com/xyq254245/xyqonlinerule/main/dr_py/libs/drpy2.min.js)

【相似度 75.0%】序号 1082
  源 A: [荐片] 🍇豆瓣┃搜索[js] (./lib/drpy2.min.js)
  源 B: [直播] 豆瓣[js] (https://gh-proxy.com/https://raw.githubusercontent.com/xyq254245/xyqonlinerule/main/dr_py/libs/drpy2.min.js)

【相似度 75.0%】序号 1083
  源 A: [牛儿] 💓‍玩偶┃4K💓‍ (csp_WoggGuard)
  源 B: [牛儿] 💓木偶┃4K💓 (csp_WexmuouggGuard)

【相似度 75.0%】序号 1084
  源 A: [牛儿] 💓123┃4K💓 (csp_Wexpan123ziyuanGuard)
  源 B: [大嗷呜] ☁️123┃4K (csp_SheQu123Amns)

【相似度 75.0%】序号 1085
  源 A: [牛儿] 🎃‍白兔┃听书🎃 (csp_WexlaobaitingshuGuard)
  源 B: [牛儿] 🎃‍极品┃听书🎃 (csp_Wex275tingshuGuard)

【相似度 75.0%】序号 1086
  源 A: [牛儿] 💓我的┃天逸💓‍ (csp_WexWo189Guard)
  源 B: [牛儿] 💓我的┃夸克💓‍ (csp_WexWoquarkpanGuard)

【相似度 75.0%】序号 1087
  源 A: [牛儿] 💓我的┃天逸💓‍ (csp_WexWo189Guard)
  源 B: [牛儿] 💓我的┃优熙💓‍ (csp_WexWoucpanGuard)

【相似度 75.0%】序号 1088
  源 A: [牛儿] 💓我的┃天逸💓‍ (csp_WexWo189Guard)
  源 B: [牛儿] 💓我的┃异动💓‍ (csp_WexWoydpanGuard)

【相似度 75.0%】序号 1089
  源 A: [牛儿] 💓我的┃天逸💓‍ (csp_WexWo189Guard)
  源 B: [牛儿] 💓我的┃讯蕾💓‍ (csp_WexWoXunLeiPanGuard)

【相似度 75.0%】序号 1090
  源 A: [牛儿] 💓我的┃天逸💓‍ (csp_WexWo189Guard)
  源 B: [牛儿] 💓我的┃百度💓‍ (csp_WexWoBaiduPanGuard)

【相似度 75.0%】序号 1091
  源 A: [牛儿] 💓我的┃夸克💓‍ (csp_WexWoquarkpanGuard)
  源 B: [牛儿] 💓我的┃优熙💓‍ (csp_WexWoucpanGuard)

【相似度 75.0%】序号 1092
  源 A: [牛儿] 💓我的┃夸克💓‍ (csp_WexWoquarkpanGuard)
  源 B: [牛儿] 💓我的┃异动💓‍ (csp_WexWoydpanGuard)

【相似度 75.0%】序号 1093
  源 A: [牛儿] 💓我的┃夸克💓‍ (csp_WexWoquarkpanGuard)
  源 B: [牛儿] 💓我的┃讯蕾💓‍ (csp_WexWoXunLeiPanGuard)

【相似度 75.0%】序号 1094
  源 A: [牛儿] 💓我的┃夸克💓‍ (csp_WexWoquarkpanGuard)
  源 B: [牛儿] 💓我的┃百度💓‍ (csp_WexWoBaiduPanGuard)

【相似度 75.0%】序号 1095
  源 A: [牛儿] 💓我的┃优熙💓‍ (csp_WexWoucpanGuard)
  源 B: [牛儿] 💓我的┃异动💓‍ (csp_WexWoydpanGuard)

【相似度 75.0%】序号 1096
  源 A: [牛儿] 💓我的┃优熙💓‍ (csp_WexWoucpanGuard)
  源 B: [牛儿] 💓我的┃讯蕾💓‍ (csp_WexWoXunLeiPanGuard)

【相似度 75.0%】序号 1097
  源 A: [牛儿] 💓我的┃优熙💓‍ (csp_WexWoucpanGuard)
  源 B: [牛儿] 💓我的┃百度💓‍ (csp_WexWoBaiduPanGuard)

【相似度 75.0%】序号 1098
  源 A: [牛儿] 💓我的┃异动💓‍ (csp_WexWoydpanGuard)
  源 B: [牛儿] 💓我的┃讯蕾💓‍ (csp_WexWoXunLeiPanGuard)

【相似度 75.0%】序号 1099
  源 A: [牛儿] 💓我的┃异动💓‍ (csp_WexWoydpanGuard)
  源 B: [牛儿] 💓我的┃百度💓‍ (csp_WexWoBaiduPanGuard)

【相似度 75.0%】序号 1100
  源 A: [牛儿] 💓我的┃讯蕾💓‍ (csp_WexWoXunLeiPanGuard)
  源 B: [牛儿] 💓我的┃百度💓‍ (csp_WexWoBaiduPanGuard)

【相似度 75.0%】序号 1101
  源 A: [【8月8日】最新【影视仓】高清【1080P】高速接口地址【支持弹幕】] 秒播┃1080P (csp_AppRJ)
  源 B: [【8月8日】最新【影视仓】高清【1080P】高速接口地址【支持弹幕】] 葫芦┃1080P (csp_AppGet)

【相似度 75.0%】序号 1102
  源 A: [【8月8日】最新【影视仓】高清【1080P】高速接口地址【支持弹幕】] 秒播┃1080P (csp_AppRJ)
  源 B: [【8月8日】最新【影视仓】高清【1080P】高速接口地址【支持弹幕】] 标清┃1080P (csp_AppGet)

【相似度 75.0%】序号 1103
  源 A: [【8月8日】最新【影视仓】高清【1080P】高速接口地址【支持弹幕】] 秒播┃1080P (csp_AppRJ)
  源 B: [【8月8日】最新【影视仓】高清【1080P】高速接口地址【支持弹幕】] 幸运┃1080P (csp_AppGet)

【相似度 75.0%】序号 1104
  源 A: [【8月8日】最新【影视仓】高清【1080P】高速接口地址【支持弹幕】] 秒播┃1080P (csp_AppRJ)
  源 B: [【8月8日】最新【影视仓】高清【1080P】高速接口地址【支持弹幕】] 爱影┃1080P (csp_AppGet)

【相似度 75.0%】序号 1105
  源 A: [【8月8日】最新【影视仓】高清【1080P】高速接口地址【支持弹幕】] 秒播┃1080P (csp_AppRJ)
  源 B: [【8月8日】最新【影视仓】高清【1080P】高速接口地址【支持弹幕】] 大鹅┃1080P (csp_App3Q)

【相似度 75.0%】序号 1106
  源 A: [【8月8日】最新【影视仓】高清【1080P】高速接口地址【支持弹幕】] 秒播┃1080P (csp_AppRJ)
  源 B: [【8月8日】最新【影视仓】高清【1080P】高速接口地址【支持弹幕】] 咕噜┃1080P (csp_App99)

【相似度 75.0%】序号 1107
  源 A: [【8月8日】最新【影视仓】高清【1080P】高速接口地址【支持弹幕】] 秒播┃1080P (csp_AppRJ)
  源 B: [【8月8日】最新【影视仓】高清【1080P】高速接口地址【支持弹幕】] 欣欣┃1080P (csp_App99)

【相似度 75.0%】序号 1108
  源 A: [【8月8日】最新【影视仓】高清【1080P】高速接口地址【支持弹幕】] 秒播┃1080P (csp_AppRJ)
  源 B: [【8月8日】最新【影视仓】高清【1080P】高速接口地址【支持弹幕】] 虎牙┃1080P (csp_Huya)

【相似度 75.0%】序号 1109
  源 A: [【8月8日】最新【影视仓】高清【1080P】高速接口地址【支持弹幕】] 秒播┃1080P (csp_AppRJ)
  源 B: [【8月8日】最新【影视仓】高清【1080P】高速接口地址【支持弹幕】] 斗鱼┃1080P (csp_Douyu)

【相似度 75.0%】序号 1110
  源 A: [【8月8日】最新【影视仓】高清【1080P】高速接口地址【支持弹幕】] 秒播┃1080P (csp_AppRJ)
  源 B: [【8月8日】最新【影视仓】高清【1080P】高速接口地址【支持弹幕】] 短剧┃1080P (csp_DuanJu)

【相似度 75.0%】序号 1111
  源 A: [【8月8日】最新【影视仓】高清【1080P】高速接口地址【支持弹幕】] 葫芦┃1080P (csp_AppGet)
  源 B: [【8月8日】最新【影视仓】高清【1080P】高速接口地址【支持弹幕】] 大鹅┃1080P (csp_App3Q)

【相似度 75.0%】序号 1112
  源 A: [【8月8日】最新【影视仓】高清【1080P】高速接口地址【支持弹幕】] 葫芦┃1080P (csp_AppGet)
  源 B: [【8月8日】最新【影视仓】高清【1080P】高速接口地址【支持弹幕】] 咕噜┃1080P (csp_App99)

【相似度 75.0%】序号 1113
  源 A: [【8月8日】最新【影视仓】高清【1080P】高速接口地址【支持弹幕】] 葫芦┃1080P (csp_AppGet)
  源 B: [【8月8日】最新【影视仓】高清【1080P】高速接口地址【支持弹幕】] 欣欣┃1080P (csp_App99)

【相似度 75.0%】序号 1114
  源 A: [【8月8日】最新【影视仓】高清【1080P】高速接口地址【支持弹幕】] 葫芦┃1080P (csp_AppGet)
  源 B: [【8月8日】最新【影视仓】高清【1080P】高速接口地址【支持弹幕】] 虎牙┃1080P (csp_Huya)

【相似度 75.0%】序号 1115
  源 A: [【8月8日】最新【影视仓】高清【1080P】高速接口地址【支持弹幕】] 葫芦┃1080P (csp_AppGet)
  源 B: [【8月8日】最新【影视仓】高清【1080P】高速接口地址【支持弹幕】] 斗鱼┃1080P (csp_Douyu)

【相似度 75.0%】序号 1116
  源 A: [【8月8日】最新【影视仓】高清【1080P】高速接口地址【支持弹幕】] 葫芦┃1080P (csp_AppGet)
  源 B: [【8月8日】最新【影视仓】高清【1080P】高速接口地址【支持弹幕】] 短剧┃1080P (csp_DuanJu)

【相似度 75.0%】序号 1117
  源 A: [【8月8日】最新【影视仓】高清【1080P】高速接口地址【支持弹幕】] 标清┃1080P (csp_AppGet)
  源 B: [【8月8日】最新【影视仓】高清【1080P】高速接口地址【支持弹幕】] 大鹅┃1080P (csp_App3Q)

【相似度 75.0%】序号 1118
  源 A: [【8月8日】最新【影视仓】高清【1080P】高速接口地址【支持弹幕】] 标清┃1080P (csp_AppGet)
  源 B: [【8月8日】最新【影视仓】高清【1080P】高速接口地址【支持弹幕】] 咕噜┃1080P (csp_App99)

【相似度 75.0%】序号 1119
  源 A: [【8月8日】最新【影视仓】高清【1080P】高速接口地址【支持弹幕】] 标清┃1080P (csp_AppGet)
  源 B: [【8月8日】最新【影视仓】高清【1080P】高速接口地址【支持弹幕】] 欣欣┃1080P (csp_App99)

【相似度 75.0%】序号 1120
  源 A: [【8月8日】最新【影视仓】高清【1080P】高速接口地址【支持弹幕】] 标清┃1080P (csp_AppGet)
  源 B: [【8月8日】最新【影视仓】高清【1080P】高速接口地址【支持弹幕】] 虎牙┃1080P (csp_Huya)

【相似度 75.0%】序号 1121
  源 A: [【8月8日】最新【影视仓】高清【1080P】高速接口地址【支持弹幕】] 标清┃1080P (csp_AppGet)
  源 B: [【8月8日】最新【影视仓】高清【1080P】高速接口地址【支持弹幕】] 斗鱼┃1080P (csp_Douyu)

【相似度 75.0%】序号 1122
  源 A: [【8月8日】最新【影视仓】高清【1080P】高速接口地址【支持弹幕】] 标清┃1080P (csp_AppGet)
  源 B: [【8月8日】最新【影视仓】高清【1080P】高速接口地址【支持弹幕】] 短剧┃1080P (csp_DuanJu)

【相似度 75.0%】序号 1123
  源 A: [【8月8日】最新【影视仓】高清【1080P】高速接口地址【支持弹幕】] 幸运┃1080P (csp_AppGet)
  源 B: [【8月8日】最新【影视仓】高清【1080P】高速接口地址【支持弹幕】] 大鹅┃1080P (csp_App3Q)

【相似度 75.0%】序号 1124
  源 A: [【8月8日】最新【影视仓】高清【1080P】高速接口地址【支持弹幕】] 幸运┃1080P (csp_AppGet)
  源 B: [【8月8日】最新【影视仓】高清【1080P】高速接口地址【支持弹幕】] 咕噜┃1080P (csp_App99)

【相似度 75.0%】序号 1125
  源 A: [【8月8日】最新【影视仓】高清【1080P】高速接口地址【支持弹幕】] 幸运┃1080P (csp_AppGet)
  源 B: [【8月8日】最新【影视仓】高清【1080P】高速接口地址【支持弹幕】] 欣欣┃1080P (csp_App99)

【相似度 75.0%】序号 1126
  源 A: [【8月8日】最新【影视仓】高清【1080P】高速接口地址【支持弹幕】] 幸运┃1080P (csp_AppGet)
  源 B: [【8月8日】最新【影视仓】高清【1080P】高速接口地址【支持弹幕】] 虎牙┃1080P (csp_Huya)

【相似度 75.0%】序号 1127
  源 A: [【8月8日】最新【影视仓】高清【1080P】高速接口地址【支持弹幕】] 幸运┃1080P (csp_AppGet)
  源 B: [【8月8日】最新【影视仓】高清【1080P】高速接口地址【支持弹幕】] 斗鱼┃1080P (csp_Douyu)

【相似度 75.0%】序号 1128
  源 A: [【8月8日】最新【影视仓】高清【1080P】高速接口地址【支持弹幕】] 幸运┃1080P (csp_AppGet)
  源 B: [【8月8日】最新【影视仓】高清【1080P】高速接口地址【支持弹幕】] 短剧┃1080P (csp_DuanJu)

【相似度 75.0%】序号 1129
  源 A: [【8月8日】最新【影视仓】高清【1080P】高速接口地址【支持弹幕】] 爱影┃1080P (csp_AppGet)
  源 B: [【8月8日】最新【影视仓】高清【1080P】高速接口地址【支持弹幕】] 大鹅┃1080P (csp_App3Q)

【相似度 75.0%】序号 1130
  源 A: [【8月8日】最新【影视仓】高清【1080P】高速接口地址【支持弹幕】] 爱影┃1080P (csp_AppGet)
  源 B: [【8月8日】最新【影视仓】高清【1080P】高速接口地址【支持弹幕】] 咕噜┃1080P (csp_App99)

【相似度 75.0%】序号 1131
  源 A: [【8月8日】最新【影视仓】高清【1080P】高速接口地址【支持弹幕】] 爱影┃1080P (csp_AppGet)
  源 B: [【8月8日】最新【影视仓】高清【1080P】高速接口地址【支持弹幕】] 欣欣┃1080P (csp_App99)

【相似度 75.0%】序号 1132
  源 A: [【8月8日】最新【影视仓】高清【1080P】高速接口地址【支持弹幕】] 爱影┃1080P (csp_AppGet)
  源 B: [【8月8日】最新【影视仓】高清【1080P】高速接口地址【支持弹幕】] 虎牙┃1080P (csp_Huya)

【相似度 75.0%】序号 1133
  源 A: [【8月8日】最新【影视仓】高清【1080P】高速接口地址【支持弹幕】] 爱影┃1080P (csp_AppGet)
  源 B: [【8月8日】最新【影视仓】高清【1080P】高速接口地址【支持弹幕】] 斗鱼┃1080P (csp_Douyu)

【相似度 75.0%】序号 1134
  源 A: [【8月8日】最新【影视仓】高清【1080P】高速接口地址【支持弹幕】] 爱影┃1080P (csp_AppGet)
  源 B: [【8月8日】最新【影视仓】高清【1080P】高速接口地址【支持弹幕】] 短剧┃1080P (csp_DuanJu)

【相似度 75.0%】序号 1135
  源 A: [【8月8日】最新【影视仓】高清【1080P】高速接口地址【支持弹幕】] 大鹅┃1080P (csp_App3Q)
  源 B: [【8月8日】最新【影视仓】高清【1080P】高速接口地址【支持弹幕】] 咕噜┃1080P (csp_App99)

【相似度 75.0%】序号 1136
  源 A: [【8月8日】最新【影视仓】高清【1080P】高速接口地址【支持弹幕】] 大鹅┃1080P (csp_App3Q)
  源 B: [【8月8日】最新【影视仓】高清【1080P】高速接口地址【支持弹幕】] 欣欣┃1080P (csp_App99)

【相似度 75.0%】序号 1137
  源 A: [【8月8日】最新【影视仓】高清【1080P】高速接口地址【支持弹幕】] 大鹅┃1080P (csp_App3Q)
  源 B: [【8月8日】最新【影视仓】高清【1080P】高速接口地址【支持弹幕】] 虎牙┃1080P (csp_Huya)

【相似度 75.0%】序号 1138
  源 A: [【8月8日】最新【影视仓】高清【1080P】高速接口地址【支持弹幕】] 大鹅┃1080P (csp_App3Q)
  源 B: [【8月8日】最新【影视仓】高清【1080P】高速接口地址【支持弹幕】] 斗鱼┃1080P (csp_Douyu)

【相似度 75.0%】序号 1139
  源 A: [【8月8日】最新【影视仓】高清【1080P】高速接口地址【支持弹幕】] 大鹅┃1080P (csp_App3Q)
  源 B: [【8月8日】最新【影视仓】高清【1080P】高速接口地址【支持弹幕】] 短剧┃1080P (csp_DuanJu)

【相似度 75.0%】序号 1140
  源 A: [【8月8日】最新【影视仓】高清【1080P】高速接口地址【支持弹幕】] 咕噜┃1080P (csp_App99)
  源 B: [【8月8日】最新【影视仓】高清【1080P】高速接口地址【支持弹幕】] 虎牙┃1080P (csp_Huya)

【相似度 75.0%】序号 1141
  源 A: [【8月8日】最新【影视仓】高清【1080P】高速接口地址【支持弹幕】] 咕噜┃1080P (csp_App99)
  源 B: [【8月8日】最新【影视仓】高清【1080P】高速接口地址【支持弹幕】] 斗鱼┃1080P (csp_Douyu)

【相似度 75.0%】序号 1142
  源 A: [【8月8日】最新【影视仓】高清【1080P】高速接口地址【支持弹幕】] 咕噜┃1080P (csp_App99)
  源 B: [【8月8日】最新【影视仓】高清【1080P】高速接口地址【支持弹幕】] 短剧┃1080P (csp_DuanJu)

【相似度 75.0%】序号 1143
  源 A: [【8月8日】最新【影视仓】高清【1080P】高速接口地址【支持弹幕】] 欣欣┃1080P (csp_App99)
  源 B: [【8月8日】最新【影视仓】高清【1080P】高速接口地址【支持弹幕】] 虎牙┃1080P (csp_Huya)

【相似度 75.0%】序号 1144
  源 A: [【8月8日】最新【影视仓】高清【1080P】高速接口地址【支持弹幕】] 欣欣┃1080P (csp_App99)
  源 B: [【8月8日】最新【影视仓】高清【1080P】高速接口地址【支持弹幕】] 斗鱼┃1080P (csp_Douyu)

【相似度 75.0%】序号 1145
  源 A: [【8月8日】最新【影视仓】高清【1080P】高速接口地址【支持弹幕】] 欣欣┃1080P (csp_App99)
  源 B: [【8月8日】最新【影视仓】高清【1080P】高速接口地址【支持弹幕】] 短剧┃1080P (csp_DuanJu)

【相似度 75.0%】序号 1146
  源 A: [【8月8日】最新【影视仓】高清【1080P】高速接口地址【支持弹幕】] 虎牙┃1080P (csp_Huya)
  源 B: [【8月8日】最新【影视仓】高清【1080P】高速接口地址【支持弹幕】] 斗鱼┃1080P (csp_Douyu)

【相似度 75.0%】序号 1147
  源 A: [【8月8日】最新【影视仓】高清【1080P】高速接口地址【支持弹幕】] 虎牙┃1080P (csp_Huya)
  源 B: [【8月8日】最新【影视仓】高清【1080P】高速接口地址【支持弹幕】] 短剧┃1080P (csp_DuanJu)

【相似度 75.0%】序号 1148
  源 A: [【8月8日】最新【影视仓】高清【1080P】高速接口地址【支持弹幕】] 斗鱼┃1080P (csp_Douyu)
  源 B: [【8月8日】最新【影视仓】高清【1080P】高速接口地址【支持弹幕】] 短剧┃1080P (csp_DuanJu)

【相似度 75.0%】序号 1149
  源 A: [5] 钛金影视 (https://gh-proxy.com/https://gh-proxy.org/https://raw.github.com/tly824/tvbox/master/lib/drpy2.min.js)
  源 B: [5] 金鹰影视 (https://jyzyapi.com/provide/vod/from/jinyingm3u8/at/xml)

【相似度 75.0%】序号 1150
  源 A: [5] 影视 | 量子[直连] (https://cj.lziapi.com/api.php/provide/vod)
  源 B: [gaotianliuyun] 影视 | 量子影视[js] (./lib/drpy2.min.js)

【相似度 75.0%】序号 1151
  源 A: [5] 影视 | 量子[直连] (https://cj.lziapi.com/api.php/provide/vod)
  源 B: [gaotianliuyun] 影视 | 量子资源[js] (./lib/drpy2.min.js)

【相似度 75.0%】序号 1152
  源 A: [5] 爱奇艺 (https://gh-proxy.com/https://gh-proxy.org/https://raw.github.com/tly824/TvBoxx/master/js/drpy2.min.js)
  源 B: [我的] 爱奇艺资源 (https://iqiyizyapi.com/api.php/provide/vod)

【相似度 75.0%】序号 1153
  源 A: [5] 爱奇艺 (https://gh-proxy.com/https://gh-proxy.org/https://raw.github.com/tly824/TvBoxx/master/js/drpy2.min.js)
  源 B: [直播] 爱奇艺｜X (http://nn.4688888.xyz/js/drpy2.min.js)

【相似度 75.0%】序号 1154
  源 A: [5] 柚子影视 (https://api.yzzy-api.com/inc/api.php/provide/vod/at/xml)
  源 B: [5] 量子影视 (https://cj.lziapi.com/api.php/provide/vod/from/lzm3u8/at/xml)

【相似度 75.0%】序号 1155
  源 A: [5] 柚子影视 (https://api.yzzy-api.com/inc/api.php/provide/vod/at/xml)
  源 B: [00000] 瓜子影视 (https://catbox.n13.club/ai/瓜子影视.php)

【相似度 75.0%】序号 1156
  源 A: [5] 量子影视 (https://cj.lziapi.com/api.php/provide/vod/from/lzm3u8/at/xml)
  源 B: [00000] 瓜子影视 (https://catbox.n13.club/ai/瓜子影视.php)

【相似度 75.0%】序号 1157
  源 A: [5] 暴风影视 (http://by.bfzyapi.com/api.php/provide/vod/at/xml)
  源 B: [接口] 旋风影视 (csp_XuanFeng)

【相似度 75.0%】序号 1158
  源 A: [5] 🐬360 (csp_360jh)
  源 B: [zy] 🍏360 (https://360zyzz.com/api.php/provide/vod)

【相似度 75.0%】序号 1159
  源 A: [5] 🐬360 (csp_360jh)
  源 B: [noimank] 💕360 (csp_SP360)

【相似度 75.0%】序号 1160
  源 A: [5] 🐬360 (csp_360jh)
  源 B: [noimank] 💥360 (https://gh-proxy.com/raw.githubusercontent.com/gaotianliuyun/gao/master/lib/drpy2.min.js)

【相似度 75.0%】序号 1161
  源 A: [5] 枫叶影院 (https://gh-proxy.com/https://ghfast.top/https://raw.githubusercontent.com/FGBLH/HKL/refs/heads/main/jar_js/枫叶影院.js)
  源 B: [直播] 枫叶电影 (csp_XBPQ)

【相似度 75.0%】序号 1162
  源 A: [我] 小米(网盘搜索) (csp_MIPanSo)
  源 B: [我] 抠抠(网盘搜索) (csp_KkSs)

【相似度 75.0%】序号 1163
  源 A: [我] 小米(网盘搜索) (csp_MIPanSo)
  源 B: [我] 优汐(网盘搜索) (csp_UuSs)

【相似度 75.0%】序号 1164
  源 A: [我] 小米(网盘搜索) (csp_MIPanSo)
  源 B: [我] 夸搜(网盘搜索) (csp_PanSearch)

【相似度 75.0%】序号 1165
  源 A: [我] 小米(网盘搜索) (csp_MIPanSo)
  源 B: [我] 易搜(网盘搜索) (csp_YiSo)

【相似度 75.0%】序号 1166
  源 A: [我] 小米(网盘搜索) (csp_MIPanSo)
  源 B: [我] 盘搜(网盘搜索) (csp_PanSou)

【相似度 75.0%】序号 1167
  源 A: [我] 抠抠(网盘搜索) (csp_KkSs)
  源 B: [我] 优汐(网盘搜索) (csp_UuSs)

【相似度 75.0%】序号 1168
  源 A: [我] 抠抠(网盘搜索) (csp_KkSs)
  源 B: [我] 夸搜(网盘搜索) (csp_PanSearch)

【相似度 75.0%】序号 1169
  源 A: [我] 抠抠(网盘搜索) (csp_KkSs)
  源 B: [我] 易搜(网盘搜索) (csp_YiSo)

【相似度 75.0%】序号 1170
  源 A: [我] 抠抠(网盘搜索) (csp_KkSs)
  源 B: [我] 盘搜(网盘搜索) (csp_PanSou)

【相似度 75.0%】序号 1171
  源 A: [我] 优汐(网盘搜索) (csp_UuSs)
  源 B: [我] 夸搜(网盘搜索) (csp_PanSearch)

【相似度 75.0%】序号 1172
  源 A: [我] 优汐(网盘搜索) (csp_UuSs)
  源 B: [我] 易搜(网盘搜索) (csp_YiSo)

【相似度 75.0%】序号 1173
  源 A: [我] 优汐(网盘搜索) (csp_UuSs)
  源 B: [我] 盘搜(网盘搜索) (csp_PanSou)

【相似度 75.0%】序号 1174
  源 A: [我] 兔小贝[cat] (./cat/tuxiaobei_open.js)
  源 B: [我] 贝乐虎[cat] (./cat/ubestkid_open.js)

【相似度 75.0%】序号 1175
  源 A: [vv] 影视 • 电影天堂 (http://caiji.dyttzyapi.com/api.php/provide/vod)
  源 B: [vv] 影视 • 天涯 (http://tyyszy.com/api.php/provide/vod)

【相似度 75.0%】序号 1176
  源 A: [vv] 影视 • 非凡[直连] (http://ffzy.tv/api.php/provide/vod)
  源 B: [vv] 影视 • 卧龙资源[直连] (https://wolongzyw.com/api.php/provide/vod)

【相似度 75.0%】序号 1177
  源 A: [vv] 影视 • 索尼[直连] (https://suoniapi.com/api.php/provide/vod/at/xml)
  源 B: [vv] 影视 • 卧龙资源[直连] (https://wolongzyw.com/api.php/provide/vod)

【相似度 75.0%】序号 1178
  源 A: [vv] 影视 • 卧龙资源[直连] (https://wolongzyw.com/api.php/provide/vod)
  源 B: [vv] 影视 • 尤酷[直连] (https://api.ukuapi.com/api.php/provide/vod)

【相似度 75.0%】序号 1179
  源 A: [vv] 网飞猫 (./py/Ncat.py)
  源 B: [接口] 网飞猫影视 (csp_NCat)

【相似度 75.0%】序号 1180
  源 A: [00000] 星芽短剧 (https://catbox.n13.club/ai/星芽短剧.php)
  源 B: [xiaolong69] 星星短剧 (csp_XydjAmns)

【相似度 75.0%】序号 1181
  源 A: [apple] 极速资源 (https://jszyapi.com/api.php/provide/vod/at/json)
  源 B: [我的] 速播资源 (https://subocaiji.com/api.php/provide/vod/from/subyun/at/json)

【相似度 75.0%】序号 1182
  源 A: [apple] 影视 | 荐片[js] (./ext/drpy2.min.js)
  源 B: [gaotianliuyun] 影视 | 酷云77[js] (./lib/drpy2.min.js)

【相似度 75.0%】序号 1183
  源 A: [apple] 影视 | 荐片[js] (./ext/drpy2.min.js)
  源 B: [gaotianliuyun] 影视 | 南瓜影视[js] (./lib/drpy2.min.js)

【相似度 75.0%】序号 1184
  源 A: [apple] 影视 | 荐片[js] (./ext/drpy2.min.js)
  源 B: [gaotianliuyun] 影视 | 两个BT[js] (./lib/drpy2.min.js)

【相似度 75.0%】序号 1185
  源 A: [apple] 影视 | 荐片[js] (./ext/drpy2.min.js)
  源 B: [gaotianliuyun] 影视 | 量子影视[js] (./lib/drpy2.min.js)

【相似度 75.0%】序号 1186
  源 A: [apple] 影视 | 荐片[js] (./ext/drpy2.min.js)
  源 B: [gaotianliuyun] 影视 | 农民影视[js] (./lib/drpy2.min.js)

【相似度 75.0%】序号 1187
  源 A: [apple] 影视 | 荐片[js] (./ext/drpy2.min.js)
  源 B: [gaotianliuyun] 影视 | 在线之家[js] (./lib/drpy2.min.js)

【相似度 75.0%】序号 1188
  源 A: [apple] 影视 | 荐片[js] (./ext/drpy2.min.js)
  源 B: [gaotianliuyun] 影视 | 量子资源[js] (./lib/drpy2.min.js)

【相似度 75.0%】序号 1189
  源 A: [apple] 影视 | 荐片[js] (./ext/drpy2.min.js)
  源 B: [gaotianliuyun] 影视 | B站影视[js] (./lib/drpy2.min.js)

【相似度 75.0%】序号 1190
  源 A: [apple] 影视 | 荐片[js] (./ext/drpy2.min.js)
  源 B: [gaotianliuyun] 影视 | 凌云影视[js] (./lib/drpy2.min.js)

【相似度 75.0%】序号 1191
  源 A: [apple] 影视 | 荐片[js] (./ext/drpy2.min.js)
  源 B: [gaotianliuyun] 影视 | 孜然影视[js] (./lib/drpy2.min.js)

【相似度 75.0%】序号 1192
  源 A: [apple] 影视 | 荐片[js] (./ext/drpy2.min.js)
  源 B: [gaotianliuyun] 影视 | 我爱跟剧[js] (./lib/drpy2.min.js)

【相似度 75.0%】序号 1193
  源 A: [apple] 影视 | 荐片[js] (./ext/drpy2.min.js)
  源 B: [gaotianliuyun] 影视 | 干饭影视[js] (./lib/drpy2.min.js)

【相似度 75.0%】序号 1194
  源 A: [apple] 影视 | 荐片[js] (./ext/drpy2.min.js)
  源 B: [gaotianliuyun] 影视 | 秋霞影视[js] (./lib/drpy2.min.js)

【相似度 75.0%】序号 1195
  源 A: [apple] 影视 | 荐片[js] (./ext/drpy2.min.js)
  源 B: [gaotianliuyun] 影视 | 阿布影院[js] (./lib/drpy2.min.js)

【相似度 75.0%】序号 1196
  源 A: [apple] 影视 | 荐片[js] (./ext/drpy2.min.js)
  源 B: [gaotianliuyun] 影视 | 电影先生[js] (./lib/drpy2.min.js)

【相似度 75.0%】序号 1197
  源 A: [apple] 影视 | 荐片[js] (./ext/drpy2.min.js)
  源 B: [gaotianliuyun] 影视 | 69美剧[js] (./lib/drpy2.min.js)

【相似度 75.0%】序号 1198
  源 A: [apple] 影视 | 荐片[js] (./ext/drpy2.min.js)
  源 B: [gaotianliuyun] 影视 | 兄弟影视[js] (./lib/drpy2.min.js)

【相似度 75.0%】序号 1199
  源 A: [apple] 影视 | 荐片[js] (./ext/drpy2.min.js)
  源 B: [gaotianliuyun] 影视 | 4k剧院[js] (./lib/drpy2.min.js)

【相似度 75.0%】序号 1200
  源 A: [apple] 影视 | 荐片[js] (./ext/drpy2.min.js)
  源 B: [gaotianliuyun] 影视 | 爱迪影视[js] (./lib/drpy2.min.js)

【相似度 75.0%】序号 1201
  源 A: [apple] 影视 | 荐片[js] (./ext/drpy2.min.js)
  源 B: [gaotianliuyun] 影视 | 哔嘀影视[js] (./lib/drpy2.min.js)

【相似度 75.0%】序号 1202
  源 A: [apple] 影视 | 荐片[js] (./ext/drpy2.min.js)
  源 B: [gaotianliuyun] 影视 | 7喜影院[js] (./lib/drpy2.min.js)

【相似度 75.0%】序号 1203
  源 A: [apple] 影视 | 荐片[js] (./ext/drpy2.min.js)
  源 B: [gaotianliuyun] 影视 | 爱看影院[js] (./lib/drpy2.min.js)

【相似度 75.0%】序号 1204
  源 A: [apple] 影视 | 荐片[js] (./ext/drpy2.min.js)
  源 B: [gaotianliuyun] 影视 | 北川影视[js] (./lib/drpy2.min.js)

【相似度 75.0%】序号 1205
  源 A: [apple] 影视 | 荐片[js] (./ext/drpy2.min.js)
  源 B: [gaotianliuyun] 影视 | 尘落影视[js] (./lib/drpy2.min.js)

【相似度 75.0%】序号 1206
  源 A: [apple] 影视 | 荐片[js] (./ext/drpy2.min.js)
  源 B: [gaotianliuyun] 影视 | 多瑙影视[js] (./lib/drpy2.min.js)

【相似度 75.0%】序号 1207
  源 A: [apple] 影视 | 荐片[js] (./ext/drpy2.min.js)
  源 B: [gaotianliuyun] 影视 | 剧迷su[js] (./lib/drpy2.min.js)

【相似度 75.0%】序号 1208
  源 A: [apple] 影视 | 荐片[js] (./ext/drpy2.min.js)
  源 B: [gaotianliuyun] 影视 | 蓝光影院[js] (./lib/drpy2.min.js)

【相似度 75.0%】序号 1209
  源 A: [apple] 影视 | 荐片[js] (./ext/drpy2.min.js)
  源 B: [gaotianliuyun] 影视 | 首播影院[js] (./lib/drpy2.min.js)

【相似度 75.0%】序号 1210
  源 A: [apple] 影视 | 荐片[js] (./ext/drpy2.min.js)
  源 B: [gaotianliuyun] 影视 | 影视工场[js] (./lib/drpy2.min.js)

【相似度 75.0%】序号 1211
  源 A: [apple] 影视 | 荐片[js] (./ext/drpy2.min.js)
  源 B: [gaotianliuyun] 影视 | 悠久影院[js] (./lib/drpy2.min.js)

【相似度 75.0%】序号 1212
  源 A: [apple] 影视 | 荐片[js] (./ext/drpy2.min.js)
  源 B: [gaotianliuyun] 影视 | 低端影视[js] (./lib/drpy2.min.js)

【相似度 75.0%】序号 1213
  源 A: [apple] 影视 | 荐片[js] (./ext/drpy2.min.js)
  源 B: [gaotianliuyun] 影视 | 团长影视[js] (./lib/drpy2.min.js)

【相似度 75.0%】序号 1214
  源 A: [apple] 影视 | 荐片[js] (./ext/drpy2.min.js)
  源 B: [gaotianliuyun] 影视 | 百度测试[js] (./lib/drpy2.min.js)

【相似度 75.0%】序号 1215
  源 A: [apple] 影视 | 荐片[js] (./ext/drpy2.min.js)
  源 B: [gaotianliuyun] 影视 | 8号影院[js] (./lib/drpy2.min.js)

【相似度 75.0%】序号 1216
  源 A: [apple] 影视 | 荐片[js] (./ext/drpy2.min.js)
  源 B: [gaotianliuyun] 影视 | NY影院[js] (./lib/drpy2.min.js)

【相似度 75.0%】序号 1217
  源 A: [apple] 影视 | 荐片[js] (./ext/drpy2.min.js)
  源 B: [gaotianliuyun] 影视 | 被窝电影[js] (./lib/drpy2.min.js)

【相似度 75.0%】序号 1218
  源 A: [apple] 影视 | 荐片[js] (./ext/drpy2.min.js)
  源 B: [gaotianliuyun] 影视 | 厂长资源[js] (./lib/drpy2.min.js)

【相似度 75.0%】序号 1219
  源 A: [apple] 影视 | 荐片[js] (./ext/drpy2.min.js)
  源 B: [gaotianliuyun] 影视 | 楚门影院[js] (./lib/drpy2.min.js)

【相似度 75.0%】序号 1220
  源 A: [apple] 影视 | 荐片[js] (./ext/drpy2.min.js)
  源 B: [gaotianliuyun] 影视 | 大米星球[js] (./lib/drpy2.min.js)

【相似度 75.0%】序号 1221
  源 A: [apple] 影视 | 荐片[js] (./ext/drpy2.min.js)
  源 B: [gaotianliuyun] 影视 | 飞兔影视[js] (./lib/drpy2.min.js)

【相似度 75.0%】序号 1222
  源 A: [apple] 影视 | 荐片[js] (./ext/drpy2.min.js)
  源 B: [gaotianliuyun] 影视 | 海兔影院[js] (./lib/drpy2.min.js)

【相似度 75.0%】序号 1223
  源 A: [apple] 影视 | 荐片[js] (./ext/drpy2.min.js)
  源 B: [gaotianliuyun] 影视 | 花猫TV[js] (./lib/drpy2.min.js)

【相似度 75.0%】序号 1224
  源 A: [apple] 影视 | 荐片[js] (./ext/drpy2.min.js)
  源 B: [gaotianliuyun] 影视 | 花屋影院[js] (./lib/drpy2.min.js)

【相似度 75.0%】序号 1225
  源 A: [apple] 影视 | 荐片[js] (./ext/drpy2.min.js)
  源 B: [gaotianliuyun] 影视 | 开眼视频[js] (./lib/drpy2.min.js)

【相似度 75.0%】序号 1226
  源 A: [apple] 影视 | 荐片[js] (./ext/drpy2.min.js)
  源 B: [gaotianliuyun] 影视 | 徕米TV[js] (./lib/drpy2.min.js)

【相似度 75.0%】序号 1227
  源 A: [apple] 影视 | 荐片[js] (./ext/drpy2.min.js)
  源 B: [gaotianliuyun] 影视 | 乐鱼影视[js] (./lib/drpy2.min.js)

【相似度 75.0%】序号 1228
  源 A: [apple] 影视 | 荐片[js] (./ext/drpy2.min.js)
  源 B: [gaotianliuyun] 影视 | 米爱影视[js] (./lib/drpy2.min.js)

【相似度 75.0%】序号 1229
  源 A: [apple] 影视 | 荐片[js] (./ext/drpy2.min.js)
  源 B: [gaotianliuyun] 影视 | 奈飞中文[js] (./lib/drpy2.min.js)

【相似度 75.0%】序号 1230
  源 A: [apple] 影视 | 荐片[js] (./ext/drpy2.min.js)
  源 B: [gaotianliuyun] 影视 | 欧帝影院[js] (./lib/drpy2.min.js)

【相似度 75.0%】序号 1231
  源 A: [apple] 影视 | 荐片[js] (./ext/drpy2.min.js)
  源 B: [gaotianliuyun] 影视 | 朴樱影视[js] (./lib/drpy2.min.js)

【相似度 75.0%】序号 1232
  源 A: [apple] 影视 | 荐片[js] (./ext/drpy2.min.js)
  源 B: [gaotianliuyun] 影视 | 秋霞影院[js] (./lib/drpy2.min.js)

【相似度 75.0%】序号 1233
  源 A: [apple] 影视 | 荐片[js] (./ext/drpy2.min.js)
  源 B: [gaotianliuyun] 影视 | 热播之家[js] (./lib/drpy2.min.js)

【相似度 75.0%】序号 1234
  源 A: [apple] 影视 | 荐片[js] (./ext/drpy2.min.js)
  源 B: [gaotianliuyun] 影视 | 人人影视[js] (./lib/drpy2.min.js)

【相似度 75.0%】序号 1235
  源 A: [apple] 影视 | 荐片[js] (./ext/drpy2.min.js)
  源 B: [gaotianliuyun] 影视 | 骚火电影[js] (./lib/drpy2.min.js)

【相似度 75.0%】序号 1236
  源 A: [apple] 影视 | 荐片[js] (./ext/drpy2.min.js)
  源 B: [gaotianliuyun] 影视 | 时光影视[js] (./lib/drpy2.min.js)

【相似度 75.0%】序号 1237
  源 A: [apple] 影视 | 荐片[js] (./ext/drpy2.min.js)
  源 B: [gaotianliuyun] 影视 | 私人影院[js] (./lib/drpy2.min.js)

【相似度 75.0%】序号 1238
  源 A: [apple] 影视 | 荐片[js] (./ext/drpy2.min.js)
  源 B: [gaotianliuyun] 影视 | 西瓜影院[js] (./lib/drpy2.min.js)

【相似度 75.0%】序号 1239
  源 A: [apple] 影视 | 荐片[js] (./ext/drpy2.min.js)
  源 B: [gaotianliuyun] 影视 | 蜥蜴影视[js] (./lib/drpy2.min.js)

【相似度 75.0%】序号 1240
  源 A: [apple] 影视 | 荐片[js] (./ext/drpy2.min.js)
  源 B: [gaotianliuyun] 影视 | 小狗影院[js] (./lib/drpy2.min.js)

【相似度 75.0%】序号 1241
  源 A: [apple] 影视 | 荐片[js] (./ext/drpy2.min.js)
  源 B: [gaotianliuyun] 影视 | 星辰影院[js] (./lib/drpy2.min.js)

【相似度 75.0%】序号 1242
  源 A: [apple] 影视 | 荐片[js] (./ext/drpy2.min.js)
  源 B: [gaotianliuyun] 影视 | 映迷影院[js] (./lib/drpy2.min.js)

【相似度 75.0%】序号 1243
  源 A: [apple] 影视 | 荐片[js] (./ext/drpy2.min.js)
  源 B: [gaotianliuyun] 影视 | 子子影视[js] (./lib/drpy2.min.js)

【相似度 75.0%】序号 1244
  源 A: [zy] 🍏360 (https://360zyzz.com/api.php/provide/vod)
  源 B: [noimank] 💕360 (csp_SP360)

【相似度 75.0%】序号 1245
  源 A: [zy] 🍏360 (https://360zyzz.com/api.php/provide/vod)
  源 B: [noimank] 💥360 (https://gh-proxy.com/raw.githubusercontent.com/gaotianliuyun/gao/master/lib/drpy2.min.js)

【相似度 75.0%】序号 1246
  源 A: [我的] 极速资源 (https://jszyapi.com/api.php/provide/vod/at/xml)
  源 B: [我的] 速播资源 (https://subocaiji.com/api.php/provide/vod/from/subyun/at/json)

【相似度 75.0%】序号 1247
  源 A: [直播] 🍊柚子 (csp_AppV7Amns)
  源 B: [直播] 🍊柚子资源 (https://api.yzzy-api.com/inc/api.php)

【相似度 75.0%】序号 1248
  源 A: [noimank] 💕360 (csp_SP360)
  源 B: [noimank] 💥360 (https://gh-proxy.com/raw.githubusercontent.com/gaotianliuyun/gao/master/lib/drpy2.min.js)

【相似度 75.0%】序号 1249
  源 A: [接口] 玩偶哥哥 (csp_Wogg)
  源 B: [接口] 木偶哥哥 (csp_Mogg)

【相似度 75.0%】序号 1250
  源 A: [接口] ☁TgSearchQuark┃网盘 (csp_TgSearchQuark)
  源 B: [接口] ☁TgSearch123┃网盘 (csp_TgSearch123)

【相似度 75.0%】序号 1251
  源 A: [接口] ☁TgSearchQuark┃网盘 (csp_TgSearchQuark)
  源 B: [接口] ☁TgSearch189┃网盘 (csp_TgSearch189)

【相似度 75.0%】序号 1252
  源 A: [接口] ☁TgSearchQuark┃网盘 (csp_TgSearchQuark)
  源 B: [接口] ☁TgSearch139┃网盘 (csp_TgSearch139)

【相似度 75.0%】序号 1253
  源 A: [接口] ☁TgSearchBaidu┃网盘 (csp_TgSearchBaidu)
  源 B: [接口] ☁TgSearch123┃网盘 (csp_TgSearch123)

【相似度 75.0%】序号 1254
  源 A: [接口] ☁TgSearchBaidu┃网盘 (csp_TgSearchBaidu)
  源 B: [接口] ☁TgSearch189┃网盘 (csp_TgSearch189)

【相似度 75.0%】序号 1255
  源 A: [接口] ☁TgSearchBaidu┃网盘 (csp_TgSearchBaidu)
  源 B: [接口] ☁TgSearch139┃网盘 (csp_TgSearch139)

【相似度 75.0%】序号 1256
  源 A: [https://clun.top/fun.json] 恋丝影视[py] (./js/ss/lsys111.py)
  源 B: [https://clun.top/fun.json] 猎奇影视[py] (./js/ss/xx01.py)

【相似度 75.0%】序号 1257
  源 A: [https://clun.top/fun.json] 51吃瓜[py] (./js/ss/xigua51.py)
  源 B: [https://clun.top/fun.json] 51短剧[py] (./js/ss/51短剧.py)

【相似度 75.0%】序号 1258
  源 A: [gaotianliuyun] 搜索 | 豆瓣[jar] (csp_Douban)
  源 B: [gaotianliuyun] 网盘 | 土豆[jar] (csp_Wobg)

【相似度 75.0%】序号 1259
  源 A: [gaotianliuyun] 弹幕 | 资源分享[jar] (csp_PushShare)
  源 B: [gaotianliuyun] 弹幕 | PikPak分享[jar] (csp_PikPakShare)

【相似度 75.0%】序号 1260
  源 A: [gaotianliuyun] 弹幕 | PikPak分享[jar] (csp_PikPakShare)
  源 B: [gaotianliuyun] 弹幕 | 影视分享[jar] (csp_AliShare)

【相似度 75.0%】序号 1261
  源 A: [gaotianliuyun] 弹幕 | PikPak分享[jar] (csp_PikPakShare)
  源 B: [gaotianliuyun] 弹幕 | 迅雷分享[jar] (csp_ThunderShare)

【相似度 75.0%】序号 1262
  源 A: [gaotianliuyun] 弹幕 | PikPak分享[jar] (csp_PikPakShare)
  源 B: [gaotianliuyun] 弹幕 | 夸克分享[jar] (csp_QuarkShare)

【相似度 75.0%】序号 1263
  源 A: [gaotianliuyun] 弹幕 | PikPak分享[jar] (csp_PikPakShare)
  源 B: [gaotianliuyun] 弹幕 | UC分享[jar] (csp_UCShare)

【相似度 75.0%】序号 1264
  源 A: [gaotianliuyun] 弹幕 | 115分享[jar] (csp_P115Share)
  源 B: [gaotianliuyun] 弹幕 | Samba分享[jar] (csp_SambaShare)

【相似度 75.0%】序号 1265
  源 A: [gaotianliuyun] 弹幕 | 影巢[jar] (csp_Hdh)
  源 B: [gaotianliuyun] 磁力 | 影搜[jar] (csp_YingSo)

【相似度 75.0%】序号 1266
  源 A: [gaotianliuyun] 弹幕 | 云盘[jar] (csp_YunPan)
  源 B: [gaotianliuyun] 网盘 | 小云[jar] (csp_YunSo)

【相似度 75.0%】序号 1267
  源 A: [gaotianliuyun] 弹幕 | 云盘[jar] (csp_YunPan)
  源 B: [gaotianliuyun] 阿里 | 盘搜[jar] (csp_PanSou)

【相似度 75.0%】序号 1268
  源 A: [gaotianliuyun] 弹幕 | 云盘[jar] (csp_YunPan)
  源 B: [gaotianliuyun] 夸克 | 盘搜[jar] (csp_QuarkPanso)

【相似度 75.0%】序号 1269
  源 A: [gaotianliuyun] 磁力 | 影搜[jar] (csp_YingSo)
  源 B: [gaotianliuyun] 网盘 | 秒搜[jar] (csp_MiaoSou)

【相似度 75.0%】序号 1270
  源 A: [gaotianliuyun] 磁力 | 影搜[jar] (csp_YingSo)
  源 B: [gaotianliuyun] 阿里 | 易搜[jar] (csp_YiSo)

【相似度 75.0%】序号 1271
  源 A: [gaotianliuyun] 磁力 | 影搜[jar] (csp_YingSo)
  源 B: [gaotianliuyun] 阿里 | 盘搜[jar] (csp_PanSou)

【相似度 75.0%】序号 1272
  源 A: [gaotianliuyun] 磁力 | 影搜[jar] (csp_YingSo)
  源 B: [gaotianliuyun] 夸克 | 盘搜[jar] (csp_QuarkPanso)

【相似度 75.0%】序号 1273
  源 A: [gaotianliuyun] 磁力 | 影搜[jar] (csp_YingSo)
  源 B: [gaotianliuyun] 磁力 | 极影网[js] (./lib/drpy2.min.js)

【相似度 75.0%】序号 1274
  源 A: [gaotianliuyun] 磁力 | 影搜[jar] (csp_YingSo)
  源 B: [gaotianliuyun] 磁力 | 电影港[js] (./lib/drpy2.min.js)

【相似度 75.0%】序号 1275
  源 A: [gaotianliuyun] 网盘 | 秒搜[jar] (csp_MiaoSou)
  源 B: [gaotianliuyun] 阿里 | 易搜[jar] (csp_YiSo)

【相似度 75.0%】序号 1276
  源 A: [gaotianliuyun] 网盘 | 秒搜[jar] (csp_MiaoSou)
  源 B: [gaotianliuyun] 阿里 | 盘搜[jar] (csp_PanSou)

【相似度 75.0%】序号 1277
  源 A: [gaotianliuyun] 网盘 | 秒搜[jar] (csp_MiaoSou)
  源 B: [gaotianliuyun] 夸克 | 盘搜[jar] (csp_QuarkPanso)

【相似度 75.0%】序号 1278
  源 A: [gaotianliuyun] 网盘 | 云盘[jar] (csp_YunPanOne)
  源 B: [gaotianliuyun] 阿里 | 盘搜[jar] (csp_PanSou)

【相似度 75.0%】序号 1279
  源 A: [gaotianliuyun] 网盘 | 云盘[jar] (csp_YunPanOne)
  源 B: [gaotianliuyun] 夸克 | 盘搜[jar] (csp_QuarkPanso)

【相似度 75.0%】序号 1280
  源 A: [gaotianliuyun] 阿里 | 易搜[jar] (csp_YiSo)
  源 B: [gaotianliuyun] 夸克 | 盘搜[jar] (csp_QuarkPanso)

【相似度 75.0%】序号 1281
  源 A: [gaotianliuyun] 夸克 | 盘搜[jar] (csp_QuarkPanso)
  源 B: [gaotianliuyun] 夸克 | 奇妙搜[js] (./lib/drpy2.min.js)

